#{"t_start": 1599129303.3897023, "env_id": "DeeplengDocking-v1"}
r,l,t
-23961.88098,9,12.49042
-21790.066863,4,17.666695
-23310.595793,8,26.949757
-20441.049168,2,30.074167
-30230.997531,21,52.725115
-21247.160459,3,56.881286
-20894.863507,2,60.005414
-25141.796104,11,72.379094
-20000,1,74.472257
-20000,1,76.564816
-21059.051076,3,80.718941
-20000,1,82.813112
-20000,1,84.906888
-21216.916775,4,90.02985
-20000,1,92.127367
-20000,1,94.219048
-21873.029211,4,99.397809
-21040.476183,3,103.550097
-20000,1,105.643105
-20000,1,107.741265
-21910.770078,5,113.951678
-20704.87848,2,117.070892
-20000,1,119.167646
-25474.41718,10,130.506136
-21865.356193,4,135.686784
-20000,1,137.789077
-20000,1,139.88908
-26261.124943,13,154.309289
-20000,1,156.406859
-25016.158338,11,168.781074
-20000,1,170.87801
-21975.138856,5,177.078942
-21790.238473,4,182.253423
-20000,1,184.3452
-20000,1,186.441075
-25894.013382,13,200.866325
-20564.598051,2,203.984792
-21659.603492,5,210.196282
-20000,1,212.288823
-20000,1,214.379425
-20000,1,216.475368
-20000,1,218.572834
-20000,1,220.669551
-20000,1,222.762993
-20722.228065,2,225.89051
-20000,1,227.984308
-21218.197867,3,232.134794
-29499.851622,21,254.770114
-29708.640698,20,276.389446
-21238.290847,3,280.54287
-20000,1,282.641431
-22144.108895,6,289.87558
-20000,1,291.97209
-20000,1,294.071054
-23102.037559,7,302.339378
-30686.798278,23,326.816595
-23078.174039,7,334.910008
-20000,1,336.951702
-20000,1,338.992337
-20000,1,341.032636
-21213.982599,3,345.090333
-20827.081828,3,349.149206
-25497.528879,11,361.271785
-20000,1,363.313128
-20000,1,365.354054
-20000,1,367.39636
-20000,1,369.438352
-20000,1,371.478773
-20000,1,373.520153
-20912.177478,3,377.576558
-20000,1,379.617379
-20000,1,381.65932
-20479.044556,2,384.708546
-21614.296545,4,389.776678
-23805.419111,9,399.880126
-20000,1,401.919999
-22286.581065,6,409.002813
-20922.843346,3,413.060955
-26753.091718,15,429.473505
-27916.603865,16,446.990185
-20784.611065,3,451.128568
-20000,1,453.192575
-20000,1,455.286801
-20000,1,457.384863
-20000,1,459.481299
-21711.663656,4,464.661391
-20489.854024,2,467.781811
-20000,1,469.883838
-20971.983004,3,474.029493
-20000,1,476.12938
-25542.05499,13,490.551534
-20000,1,492.645501
-20000,1,494.74338
-20000,1,496.844068
-28260.120573,18,516.380581
-21613.235591,4,521.557043
-22762.242995,6,528.792617
-20000,1,530.891169
-20000,1,532.987298
-20000,1,535.08672
-20700.828562,2,538.217118
-20000,1,540.312354
-27937.908574,15,556.776954
-20000,1,558.873783
-25382.259873,12,572.270616
-20993.817744,3,576.418839
-20000,1,578.515377
-20433.965213,2,581.62663
-20849.93088,3,585.772732
-23769.831981,8,595.053113
-23870.625087,9,605.375699
-21062.220812,3,609.546878
-20541.077578,2,612.654603
-20569.891851,2,615.784904
-23508.544194,7,624.025144
-21754.110322,4,629.202829
-20000,1,631.307433
-20000,1,633.406903
-20000,1,635.505589
-20000,1,637.603547
-20646.943152,2,640.720447
-20000,1,642.814873
-22027.38334,5,649.020637
-22089.366967,5,655.226848
-20864.202604,3,659.377337
-20000,1,661.474776
-26171.01401,14,676.915325
-23426.061037,8,686.213239
-20528.380787,2,689.329537
-20000,1,691.418428
-20000,1,693.510974
-20000,1,695.605597
-25417.092035,10,706.963436
-24140.205034,9,717.282226
-34755.803046,28,747.123153
-20000,1,749.222492
-21585.764403,4,754.403121
-20000,1,756.501271
-20000,1,758.598372
-20000,1,760.690891
-21350.322645,3,764.849449
-25489.20948,12,778.242032
-20773.829352,3,782.386921
-27789.42856,17,800.904996
-20000,1,803.007742
-20000,1,805.103801
-20000,1,807.193593
-36716.681729,34,843.165027
-20000,1,845.259301
-22096.668582,5,851.46228
-25351.675861,11,863.833708
-20488.577299,2,866.961006
-20000,1,869.057631
-22659.780892,6,876.291016
-23300.845383,8,885.588954
-20000,1,887.683569
-21256.9603,4,892.863391
-20929.614683,3,897.007421
-29332.943109,20,918.62057
-21258.56711,4,923.797015
-21739.458207,5,930.007331
-27100.248392,14,945.447166
-20000,1,947.547845
-20000,1,949.642384
-21629.649787,4,954.82282
-20000,1,956.915532
-22162.545393,5,963.133151
-42882.262259,45,1010.417383
-20881.781152,3,1014.573647
-24304.21747,10,1025.91532
-20000,1,1028.002722
-20407.058235,2,1031.125185
-21670.242656,4,1036.300783
-22521.526769,6,1043.527265
-20000,1,1045.621546
-25690.806461,12,1059.019074
-23371.73668,8,1068.312383
-20000,1,1070.408201
-20521.028761,2,1073.537209
-20000,1,1075.627592
-23337.478536,7,1083.865042
-20000,1,1085.95941
-20876.913819,3,1090.100115
-21899.392384,5,1096.295547
-20000,1,1098.390935
-20529.399251,2,1101.511358
-20373.799491,2,1104.636484
-20000,1,1106.730625
-20000,1,1108.829369
-20000,1,1110.926599
-20000,1,1113.016791
-35258.465281,30,1144.899502
-25660.199134,12,1158.2942
-31610.631386,23,1182.999403
-20000,1,1185.104767
-23516.307333,8,1194.384559
-20000,1,1196.483223
-20000,1,1198.574914
-20465.056938,2,1201.701373
-25117.812318,10,1213.049339
-23153.203145,8,1222.307643
-20000,1,1224.37552
-22139.278664,6,1231.615785
-20418.968936,2,1234.728728
-20368.995209,2,1237.85462
-20000,1,1239.94529
-20000,1,1242.04382
-20000,1,1244.141978
-23493.646929,8,1253.428474
-23437.422182,8,1262.702639
-23367.499838,8,1271.995808
-20000,1,1274.088552
-25755.006857,12,1287.820238
-20000,1,1289.87324
-21635.078212,4,1295.052488
-23508.618035,8,1304.340616
-20000,1,1306.434983
-24263.573427,9,1316.773886
-22448.314645,6,1324.022021
-30009.917426,19,1344.60602
-20372.279952,2,1347.723153
-20596.991414,2,1350.854256
-20000,1,1352.952241
-20887.79892,3,1357.105592
-20781.901743,3,1361.255572
-20000,1,1363.353117
-21592.397242,4,1368.533006
-24329.369261,9,1378.844572
-20000,1,1380.945331
-21167.15315,3,1385.099441
-22038.167354,5,1391.304995
-20000,1,1393.403086
-28837.45524,19,1413.999134
-26417.550973,15,1430.483703
-23237.718457,8,1439.779356
-20000,1,1441.877628
-20000,1,1443.975757
-24264.138565,9,1454.290722
-20000,1,1456.388771
-21545.818726,4,1461.565575
-20000,1,1463.663406
-20422.340313,2,1466.787124
-21242.682462,4,1471.964204
-20000,1,1474.059407
-21027.785203,3,1478.208148
-21021.822428,3,1482.363426
-20760.804808,2,1485.489816
-24931.525765,11,1497.858841
-20383.192904,2,1500.981098
-20528.852155,2,1504.107059
-20000,1,1506.203051
-20000,1,1508.299319
-20417.213502,2,1511.41964
-31082.689269,24,1537.159432
-20000,1,1539.257128
-20000,1,1541.356944
-30420.393901,23,1566.061202
-20000,1,1568.158901
-22138.690224,5,1574.365158
-25724.904059,12,1587.761028
-22324.068723,5,1593.971087
-20000,1,1596.068937
-20000,1,1598.161482
-20372.553104,2,1601.288343
-20000,1,1603.382972
-22885.03343,6,1610.616938
-20000,1,1612.717653
-21600.491833,4,1617.897799
-20376.464027,2,1621.01714
-27021.1975,15,1637.491754
-26385.107722,13,1651.922956
-25541.229257,12,1665.324959
-22067.067463,5,1671.528564
-20000,1,1673.623533
-20826.386065,3,1677.778648
-20386.704539,2,1680.904445
-20000,1,1683.000946
-20000,1,1685.095614
-20000,1,1687.199234
-21975.097682,4,1692.381566
-21069.069282,3,1696.538426
-21779.945127,4,1701.71431
-20496.335346,2,1704.839015
-28224.218373,16,1722.356268
-20000,1,1724.453875
-20000,1,1726.547446
-20000,1,1728.644718
-20000,1,1730.739704
-26566.778759,13,1745.171206
-20000,1,1747.269403
-20000,1,1749.361752
-20000,1,1751.456131
-20000,1,1753.553014
-22658.396561,6,1760.788994
-26078.252059,14,1776.242775
-22662.895061,6,1783.477135
-20000,1,1785.573447
-20412.032047,2,1788.693597
-20000,1,1790.791099
-20000,1,1792.891121
-20000,1,1794.99171
-20000,1,1797.09006
-27699.759045,16,1814.601113
-22347.10413,6,1821.835623
-20000,1,1823.930885
-20000,1,1826.028216
-20000,1,1828.128005
-20000,1,1830.222308
-20558.453649,2,1833.344964
-21506.596641,4,1838.521547
-20000,1,1840.621062
-20828.623707,3,1844.775255
-20000,1,1846.871979
-20000,1,1848.969259
-26092.166012,13,1863.399038
-21011.163291,3,1867.551096
-20371.28729,2,1870.673058
-20379.150641,2,1873.811649
-20000,1,1875.908481
-20000,1,1878.000592
-20000,1,1880.097034
-20000,1,1882.192881
-33971.416575,27,1910.97325
-20890.944119,3,1915.123057
-20000,1,1917.220665
-20714.951876,2,1920.34907
-24267.478009,9,1930.665544
-21325.068807,4,1935.850187
-25048.946021,12,1949.250903
-20460.633716,2,1952.37889
-20000,1,1954.47919
-21368.071212,3,1958.633629
-20392.440237,2,1961.758847
-20000,1,1963.857975
-20000,1,1965.955
-20000,1,1968.05305
-20645.568458,2,1971.178942
-20000,1,1973.273622
-20000,1,1975.365543
-21214.828136,4,1980.539228
-23975.659632,8,1989.822028
-20000,1,1991.923269
-20000,1,1994.019542
-20000,1,1996.11707
-20000,1,1998.212985
-20000,1,2000.309017
-20000,1,2002.40647
-20000,1,2004.501057
-20000,1,2006.596605
-20000,1,2008.692378
-20000,1,2010.788893
-30402.990968,21,2033.430835
-20446.533561,2,2036.561064
-20953.993862,3,2040.705619
-23104.405113,8,2049.994534
-22338.6753,5,2056.201031
-21443.748414,3,2060.351505
-21173.522183,3,2064.507424
-20582.982588,2,2067.629031
-25333.664629,12,2081.031529
-20389.651653,2,2084.1576
-27455.663934,16,2101.66933
-21169.751396,3,2105.825011
-20000,1,2107.921254
-20834.249644,3,2112.07129
-20000,1,2114.165601
-20000,1,2116.261541
-20000,1,2118.355918
-21051.249047,3,2122.500276
-21063.202276,3,2126.649666
-21505.40352,4,2131.822686
-20000,1,2133.926741
-20000,1,2136.025682
-20000,1,2138.12219
-24242.110773,10,2149.46461
-21487.694208,4,2154.643131
-21071.949937,3,2158.795696
-20000,1,2160.89149
-20000,1,2162.985367
-20000,1,2165.081261
-20000,1,2167.177087
-24193.544721,10,2178.52011
-21274.531694,4,2183.698399
-23321.628781,7,2191.971135
-20916.293002,3,2196.122967
-21697.823963,4,2201.303759
-20000,1,2203.401141
-23836.405408,8,2212.692951
-22208.430869,5,2218.89942
-20000,1,2220.997021
-24733.464304,10,2232.333039
-20000,1,2234.428779
-25717.148014,12,2247.831089
-20594.021673,2,2250.953099
-26795.174273,14,2266.410179
-21535.555132,4,2271.586724
-22098.714109,5,2277.791522
-20491.143447,2,2280.921553
-20963.351935,3,2285.067394
-20000,1,2287.165491
-20000,1,2289.265756
-20000,1,2291.362967
-20000,1,2293.4615
-20000,1,2295.559041
-20000,1,2297.65304
-32816.094221,27,2326.464221
-22848.350974,6,2333.701595
-21166.805091,3,2337.857568
-20708.416005,2,2340.987787
-21461.439604,4,2346.168661
-20000,1,2348.24698
-22074.406895,5,2354.454834
-20000,1,2356.547479
-21792.099553,4,2361.728919
-35116.646437,29,2392.587363
-20000,1,2394.680884
-20000,1,2396.778689
-21119.011045,3,2400.923495
-25711.471318,11,2413.302292
-20000,1,2415.399088
-20000,1,2417.496582
-20000,1,2419.589377
-23495.358155,8,2428.883302
-20000,1,2430.981868
-20000,1,2433.077832
-20993.911251,3,2437.229059
-21406.415372,4,2442.409146
-20000,1,2444.505324
-20000,1,2446.601512
-20000,1,2448.697595
-20000,1,2450.79346
-20000,1,2452.887005
-22851.940325,7,2461.140604
-20000,1,2463.236434
-20000,1,2465.339765
-26220.699407,13,2479.765375
-25508.299864,12,2493.120651
-21778.567017,4,2498.300938
-21862.099469,4,2503.483365
-20000,1,2505.57927
-27338.924597,14,2521.028789
-23458.408337,7,2529.296723
-21079.575061,3,2533.446541
-20000,1,2535.543499
-20000,1,2537.639308
-22489.474636,5,2543.842124
-20000,1,2545.936845
-25254.021759,12,2559.343439
-20000,1,2561.436941
-20000,1,2563.534977
-23824.255127,8,2572.821219
-20621.851718,2,2575.948519
-21234.157505,3,2580.100559
-20000,1,2582.199294
-20000,1,2584.290945
-20545.907336,2,2587.418983
-20000,1,2589.513522
-22437.165582,5,2595.890953
-20000,1,2597.989204
-20000,1,2600.086969
-20000,1,2602.183015
-20000,1,2604.277573
-20000,1,2606.376943
-20000,1,2608.477211
-27325.041598,16,2625.981215
-20549.811409,2,2629.109245
-20000,1,2631.203521
-23012.483258,7,2639.466074
-21673.803486,4,2644.649212
-20542.301742,2,2647.768932
-20000,1,2649.867442
-20000,1,2651.964947
-20000,1,2654.06099
-20000,1,2656.154883
-22679.122952,6,2663.395076
-21852.972614,4,2668.573428
-20000,1,2670.667022
-20000,1,2672.76499
-26789.218983,15,2689.241926
-21390.377764,4,2694.418357
-20389.835457,2,2697.541487
-24917.851096,10,2708.877449
-20000,1,2710.979364
-20000,1,2713.072887
-20000,1,2715.173166
-25811.904904,12,2728.579585
-21248.364632,3,2732.733234
-20000,1,2734.829887
-20000,1,2736.930126
-20000,1,2738.994886
-29144.000929,20,2760.627188
-20529.028055,2,2763.751061
-20000,1,2765.855198
-20000,1,2767.955268
-20000,1,2770.05184
-20000,1,2772.151767
-20000,1,2774.248908
-20000,1,2776.344748
-23384.177208,8,2785.62934
-22002.340027,5,2791.844317
-22136.432644,5,2798.045851
-24810.170047,11,2810.419486
-21485.882301,4,2815.599338
-20000,1,2817.69697
-20000,1,2819.791961
-20000,1,2821.88979
-20379.394766,2,2825.01542
-20000,1,2827.11704
-20000,1,2829.211053
-20000,1,2831.30899
-20000,1,2833.403016
-20527.511176,2,2836.527641
-22075.448199,5,2842.734987
-20000,1,2844.836153
-20000,1,2846.932564
-23506.503779,8,2856.21952
-20000,1,2858.317515
-21676.877164,5,2864.527968
-20000,1,2866.625376
-20000,1,2868.720621
-21228.706939,3,2872.866587
-20000,1,2874.961219
-22239.521183,5,2881.173513
-20912.35673,3,2885.315596
-20595.134207,2,2888.439889
-20952.106514,3,2892.589044
-20000,1,2894.686245
-20390.63439,2,2897.804442
-20457.968378,2,2900.927301
-20000,1,2903.021597
-21153.639576,3,2907.170991
-20000,1,2909.267639
-20000,1,2911.36545
-21089.804059,3,2915.515987
-20398.558263,2,2918.638933
-21748.289164,5,2925.001412
-37443.291088,35,2962.037404
-21032.713405,3,2966.187054
-20947.793138,3,2970.343493
-20000,1,2972.441101
-28233.93777,18,2992.001998
-20449.648888,2,2995.131617
-20000,1,2997.226723
-22953.397988,6,3004.462982
-20000,1,3006.559394
-20431.33509,2,3009.679048
-21201.934071,3,3013.83349
-20000,1,3015.926929
-21250.13661,3,3020.080032
-20500.801981,2,3023.206994
-20000,1,3025.291573
-24370.383336,10,3036.636935
-20000,1,3038.735564
-34424.110275,28,3068.575351
-21017.209999,3,3072.727016
-20000,1,3074.825188
-20660.49724,2,3077.947936
-20926.697777,3,3082.098606
-20000,1,3084.194767
-20000,1,3086.289165
-20000,1,3088.388875
-20000,1,3090.455019
-21412.497391,4,3095.633598
-21317.946284,3,3099.790164
-25602.889615,13,3114.214999
-20000,1,3116.311079
-20000,1,3118.409133
-26164.074184,14,3133.866918
-20000,1,3135.959413
-20000,1,3138.061178
-20000,1,3140.15727
-22351.604766,6,3147.389078
-21955.966205,5,3153.5955
-20000,1,3155.69341
-20000,1,3157.790174
-20646.367049,2,3160.914987
-20000,1,3163.00938
-20000,1,3165.1034
-20000,1,3167.198127
-22099.219106,5,3173.407274
-20000,1,3175.498918
-24698.150676,10,3186.843082
-21268.805703,4,3192.02154
-20701.6369,2,3195.143046
-20000,1,3197.243127
-20000,1,3199.339123
-20000,1,3201.436261
-21846.484593,4,3206.611139
-22685.025466,7,3214.869005
-21610.904116,3,3219.025428
-20000,1,3221.1191
-20000,1,3223.213058
-20491.690249,2,3226.340421
-20000,1,3228.436355
-20754.289994,3,3232.58227
-22365.233679,6,3239.811105
-20000,1,3241.907284
-20409.077066,2,3245.029036
-20000,1,3247.123219
-24300.626503,7,3255.38383
-20000,1,3257.478812
-20000,1,3259.575182
-31045.405015,21,3282.227576
-21060.361835,3,3286.38287
-20000,1,3288.486959
-21187.626926,3,3292.63725
-23409.367101,8,3301.930866
-20000,1,3304.032881
-20000,1,3306.126966
-20000,1,3308.223439
-23468.55168,8,3317.508414
-26848.823965,15,3333.980941
-32235.506345,26,3361.757542
-20373.550892,2,3364.878542
-20493.015867,2,3367.996998
-22733.96109,6,3375.22311
-30789.35423,23,3399.924983
-20000,1,3402.022428
-20000,1,3404.117176
-20363.19974,2,3407.249313
-20000,1,3409.342962
-29581.683175,21,3431.984913
-22730.9501,7,3440.240748
-20000,1,3442.338182
-24863.796679,11,3454.714959
-20000,1,3456.811621
-20000,1,3458.907343
-36430.355347,31,3491.839164
-21412.734656,4,3497.017015
-20663.912466,2,3500.138681
-20000,1,3502.234902
-20000,1,3504.329499
-20000,1,3506.422934
-20000,1,3508.519547
-20000,1,3510.615597
-40512.934107,42,3554.83975
-22546.392813,6,3562.067171
-20000,1,3564.163806
-22067.073304,5,3570.371523
-20000,1,3572.467042
-20508.629067,2,3575.593047
-20000,1,3577.690908
-23328.387973,7,3585.954332
-27892.778933,17,3604.497573
-20725.991135,2,3607.61729
-20000,1,3609.713282
-20000,1,3611.809869
-21027.398909,3,3615.946531
-20000,1,3618.045182
-20374.335052,2,3621.167385
-23789.05314,8,3630.463079
-20956.417932,3,3634.617417
-20000,1,3636.720997
-20000,1,3638.816694
-24503.873322,10,3650.161721
-20965.522786,3,3654.311226
-21041.50616,3,3658.462291
-20000,1,3660.558426
-20000,1,3662.654502
-20000,1,3664.750475
-21262.095342,4,3669.930485
-20000,1,3672.023284
-20895.50798,3,3676.173025
-20405.308483,2,3679.292754
-20000,1,3681.389291
-23461.692353,8,3690.662579
-25716.746016,12,3704.05891
-20000,1,3706.154925
-23824.792435,9,3716.472918
-20000,1,3718.568214
-22991.732066,8,3727.852559
-20457.774076,2,3730.960699
-21957.260037,4,3736.140847
-20817.967317,3,3740.287111
-20000,1,3742.379001
-20469.4564,2,3745.509081
-22398.47669,5,3751.713425
-20000,1,3753.810431
-20000,1,3755.906197
-25046.649115,10,3767.253534
-20000,1,3769.351203
-28957.948955,17,3787.894929
-20428.776736,2,3791.019154
-21200.1437,4,3796.190911
-20000,1,3798.289599
-20000,1,3800.385648
-20000,1,3802.484954
-20000,1,3804.582943
-20620.67626,2,3807.702545
-21045.229981,3,3811.857106
-23182.694935,8,3821.144836
-20000,1,3823.243974
-20000,1,3825.338285
-20952.823117,3,3829.486887
-20000,1,3831.583385
-21372.573596,3,3835.737134
-20848.492063,3,3839.89302
-20000,1,3841.990324
-20000,1,3844.088197
-20000,1,3846.180413
-20000,1,3848.283554
-20000,1,3850.378965
-20995.468785,3,3854.536978
-27754.013273,16,3872.038256
-25618.246556,12,3885.433283
-21213.440809,3,3889.587199
-20000,1,3891.679302
-20000,1,3893.769751
-20000,1,3895.862444
-20000,1,3897.96416
-20000,1,3900.062098
-20000,1,3902.154674
-21700.948174,5,3908.359032
-20000,1,3910.456846
-20000,1,3912.553656
-20000,1,3914.647635
-20000,1,3916.741997
-20451.166155,2,3919.867776
-20000,1,3921.967041
-20000,1,3924.063266
-20000,1,3926.163632
-20533.587877,2,3929.481086
-20000,1,3931.581533
-20000,1,3933.679619
-20000,1,3935.772987
-20488.281591,2,3938.89533
-21838.107456,5,3945.111872
-20000,1,3947.213385
-20000,1,3949.308561
-20000,1,3951.407499
-20975.09227,3,3955.557036
-20000,1,3957.655625
-20000,1,3959.754815
-20000,1,3961.847752
-36946.524121,33,3996.833599
-20000,1,3998.932977
-23542.575169,9,4009.244614
-20000,1,4011.335409
-28481.53228,19,4031.927033
-20000,1,4034.022939
-22607.684757,5,4040.230242
-20781.313887,2,4043.35076
-21360.552667,4,4048.528857
-20000,1,4050.623374
-20000,1,4052.720828
-23521.080048,8,4062.012667
-20000,1,4064.106771
-27274.324274,16,4081.617047
-20000,1,4083.713569
-20417.627408,2,4086.834844
-20000,1,4088.932469
-21185.93495,3,4093.080895
-20000,1,4095.17955
-20000,1,4097.27541
-20000,1,4099.373159
-20495.176217,2,4102.496985
-20766.185593,3,4106.643094
-20000,1,4108.740937
-23325.178569,8,4118.033028
-22775.899299,6,4125.265495
-20000,1,4127.364633
-20606.12481,2,4130.487475
-20000,1,4132.584951
-25953.060486,13,4146.99907
-26164.747709,13,4161.410133
-23141.672471,7,4169.499506
-20586.674001,2,4172.548701
-20000,1,4174.590027
-20000,1,4176.630392
-21316.5804,3,4180.687685
-20000,1,4182.729445
-20000,1,4184.771418
-25870.251666,13,4198.908334
-21058.332643,3,4202.965812
-20000,1,4205.007158
-20000,1,4207.047739
-20000,1,4209.089445
-20000,1,4211.129934
-20000,1,4213.171996
-20000,1,4215.212262
-22754.872949,6,4222.294037
-24920.598817,11,4234.413844
-20406.82256,2,4237.463667
-20000,1,4239.505127
-20000,1,4241.546179
-20000,1,4243.58744
-31052.812577,21,4265.864366
-20783.326682,3,4270.015103
-20000,1,4272.108776
-20000,1,4274.21638
-22752.851205,6,4281.396988
-20578.471259,2,4284.513574
-20576.340328,2,4287.639828
-22194.943135,5,4293.811102
-20000,1,4295.90902
-22688.343118,7,4304.152315
-22437.426423,7,4312.409014
-20000,1,4314.507051
-20536.60887,2,4317.630133
-20000,1,4319.720369
-20000,1,4321.820003
-22285.925351,5,4328.024364
-20000,1,4330.119012
-28395.228365,19,4350.675657
-20000,1,4352.775465
-20540.156477,2,4355.897426
-20000,1,4357.993408
-22278.017526,5,4364.188958
-23016.604511,6,4371.417055
-22861.452812,6,4378.645667
-20000,1,4380.741434
-21443.766671,3,4384.880615
-20442.095753,2,4388.012845
-22057.388626,5,4394.211581
-21409.162034,3,4398.36143
-20000,1,4400.457818
-20000,1,4402.554272
-20000,1,4404.64723
-20536.230378,2,4407.773975
-20000,1,4409.876694
-20497.462971,2,4412.997305
-20000,1,4415.089597
-21173.183815,3,4419.243346
-21236.590173,4,4424.419921
-20000,1,4426.513237
-20000,1,4428.610528
-20893.650068,2,4431.732368
-20840.027707,3,4435.877632
-22172.103724,5,4442.089188
-20948.716599,3,4446.242919
-20000,1,4448.339284
-20567.180365,2,4451.467551
-20000,1,4453.56072
-21942.900586,5,4459.734885
-33522.248726,30,4491.595358
-20000,1,4493.690903
-20000,1,4495.787229
-20449.612519,2,4498.908573
-20000,1,4501.003253
-20000,1,4503.089545
-28193.514684,16,4520.58119
-20891.555333,2,4523.711323
-20000,1,4525.808744
-20000,1,4527.906394
-20000,1,4530.006599
-20000,1,4532.104768
-20789.549781,3,4536.255542
-20000,1,4538.352604
-20503.807522,2,4541.476227
-20000,1,4543.574877
-22470.267633,6,4550.769138
-20000,1,4552.860951
-20000,1,4554.950837
-24191.743597,9,4565.275959
-20000,1,4567.368643
-21341.994164,3,4571.519674
-25717.914907,12,4584.90735
-20000,1,4587.005079
-26527.456597,13,4601.438858
-22777.91051,7,4609.672559
-20707.842235,2,4612.792357
-21757.425526,4,4617.976124
-21161.213505,3,4622.131196
-20000,1,4624.226936
-20387.368267,2,4627.349034
-20953.21506,3,4631.500986
-21151.535581,3,4635.634665
-22107.524464,5,4641.836604
-22619.020592,6,4649.070932
-21827.728906,5,4655.283605
-29106.292759,18,4674.842909
-31856.372706,23,4699.541275
-31060.965165,24,4725.238142
-20422.879034,2,4728.357741
-20000,1,4730.455
-20000,1,4732.55232
-20000,1,4734.646956
-21466.122945,4,4739.825171
-20543.316349,2,4742.953469
-20716.550315,2,4746.073334
-20000,1,4748.165746
-20579.913309,2,4751.286662
-20000,1,4753.388397
-20000,1,4755.44595
-31155.261505,24,4781.169546
-20481.393504,2,4784.28697
-20000,1,4786.340755
-20000,1,4788.434906
-21638.318893,4,4793.617425
-34955.654772,30,4825.507668
-20000,1,4827.603362
-32675.770129,27,4856.401492
-21086.739829,3,4860.552118
-20000,1,4862.646951
-22272.158923,5,4868.831453
-20000,1,4870.925092
-20000,1,4873.02574
-20000,1,4875.081932
-23522.480396,8,4884.369767
-20000,1,4886.463351
-20931.143907,3,4890.589931
-20000,1,4892.684962
-20700.571409,2,4895.803246
-22373.930346,6,4903.043463
-23579.737525,8,4912.295102
-20650.741747,2,4915.418872
-20978.230843,3,4919.566929
-20000,1,4921.662975
-22720.133321,6,4928.901487
-20000,1,4930.997549
-23146.127014,8,4940.253096
-20000,1,4942.343388
-20838.818523,3,4946.491636
-20000,1,4948.587044
-20000,1,4950.681205
-20000,1,4952.778359
-23953.467384,9,4963.091522
-21093.025083,3,4967.239108
-23412.288132,8,4976.520847
-25233.011303,11,4988.88791
-20000,1,4990.984309
-20000,1,4993.080611
-23551.104269,8,5002.330337
-20000,1,5004.425754
-20000,1,5006.526175
-20000,1,5008.622732
-20000,1,5010.717431
-20000,1,5012.809003
-21692.173484,4,5017.993185
-26149.853328,13,5032.401511
-20649.360888,2,5035.527095
-20000,1,5037.631533
-20913.028954,3,5041.780451
-20000,1,5043.877404
-20527.076892,2,5047.001462
-20000,1,5049.09754
-20000,1,5051.19309
-20000,1,5053.289047
-21476.553276,4,5058.434098
-20590.827582,2,5061.556573
-22682.902936,5,5067.757673
-20000,1,5069.850154
-35283.810501,31,5102.758196
-25529.160598,12,5116.114983
-20000,1,5118.209627
-21485.703431,3,5122.359792
-20000,1,5124.457276
-20000,1,5126.550497
-20538.596058,2,5129.671477
-20000,1,5131.769634
-32272.650058,25,5158.465506
-20000,1,5160.558974
-20000,1,5162.65912
-22115.245886,5,5168.863438
-20588.423204,2,5171.986955
-25796.933443,13,5186.389425
-20000,1,5188.488036
-20000,1,5190.580867
-21575.689942,4,5195.75694
-20000,1,5197.853329
-20000,1,5199.955086
-20000,1,5202.053378
-22938.010909,7,5210.303961
-20000,1,5212.387565
-21096.587581,3,5216.524537
-21216.504292,3,5220.67275
-20000,1,5222.77253
-31690.077605,26,5250.716871
-32368.99712,26,5278.493014
-20704.892394,2,5281.618011
-20467.543084,2,5284.743025
-20000,1,5286.843041
-22118.705772,6,5294.053756
-23844.464317,8,5303.307597
-20000,1,5305.404451
-22319.411418,5,5311.613363
-20000,1,5313.708726
-21599.043506,4,5318.887181
-21032.424438,3,5323.039685
-20000,1,5325.1203
-20000,1,5327.200651
-20000,1,5329.295103
-20401.779608,2,5332.420025
-20000,1,5334.519665
-20432.743678,2,5337.644751
-23800.286044,7,5345.900785
-20718.172245,2,5349.029277
-20000,1,5351.123067
-27477.336285,16,5368.588589
-20000,1,5370.68056
-20000,1,5372.77662
-22319.577152,5,5378.983547
-20000,1,5381.075296
-20971.345073,3,5385.206005
-23458.200381,7,5393.451311
-20000,1,5395.547377
-21070.862712,3,5399.70302
-20000,1,5401.801202
-20000,1,5403.897068
-20000,1,5405.984954
-20000,1,5408.084072
-20000,1,5410.180397
-20000,1,5412.276433
-21034.278349,3,5416.413966
-20000,1,5418.511206
-23243.601911,7,5426.759295
-27345.398935,14,5442.218769
-32475.108366,24,5467.925205
-21126.705862,3,5472.057539
-20000,1,5474.139836
-20000,1,5476.227598
-20000,1,5478.319214
-21869.482957,5,5484.527007
-22807.383321,7,5492.764633
-20000,1,5494.858895
-20000,1,5496.952049
-20000,1,5499.048202
-20454.107391,2,5502.172153
-22080.720533,5,5508.361815
-21557.186434,4,5513.538704
-21059.922445,3,5517.69006
-21870.79139,4,5522.868884
-22599.830562,6,5530.099475
-20000,1,5532.20112
-20580.936054,2,5535.307914
-20000,1,5537.398466
-21893.094,5,5543.603041
-20000,1,5545.692726
-20000,1,5547.787319
-20000,1,5549.882893
-20000,1,5551.975986
-20000,1,5554.074439
-20883.425772,3,5558.219225
-20000,1,5560.31892
-21879.832079,5,5566.506366
-20000,1,5568.596074
-20000,1,5570.692676
-20000,1,5572.798111
-20000,1,5574.892984
-22234.904058,5,5581.097634
-20000,1,5583.197054
-20544.038094,2,5586.319642
-24366.993658,10,5597.663231
-26700.04121,13,5612.08867
-22315.527893,5,5618.291456
-20000,1,5620.384507
-22885.795049,7,5628.613106
-20000,1,5630.710115
-30168.726603,21,5653.357585
-20000,1,5655.431119
-22581.761993,5,5661.647398
-20000,1,5663.745261
-20875.979305,3,5667.886842
-25821.800864,12,5681.291536
-25269.712774,12,5694.677434
-20000,1,5696.771236
-20000,1,5698.841425
-22325.213429,6,5706.084538
-27615.07146,17,5724.611557
-20599.700337,2,5727.734887
-20871.519092,3,5731.883476
-20000,1,5733.97549
-20837.390952,3,5738.128767
-21625.118049,4,5743.309926
-20000,1,5745.373945
-20000,1,5747.471224
-20000,1,5749.564939
-20000,1,5751.663436
-25895.711653,12,5765.072932
-20000,1,5767.170696
-20434.34292,2,5770.291245
-32186.266855,23,5794.977015
-32630.120564,27,5823.761399
-21039.909604,3,5827.908882
-20000,1,5830.005703
-20000,1,5832.099599
-20654.248364,2,5835.212375
-20000,1,5837.311451
-21439.477934,4,5842.491973
-20000,1,5844.587155
-20967.639813,3,5848.739768
-21311.740911,3,5852.877455
-20000,1,5854.976431
-24322.982557,9,5865.274386
-22794.326944,6,5872.497028
-29218.278373,19,5893.061255
-22139.591757,5,5899.22701
-20000,1,5901.326889
-23087.936015,8,5910.609821
-20000,1,5912.707421
-20527.923012,2,5915.815197
-20540.667786,2,5918.944823
-21467.2153,4,5924.110698
-20000,1,5926.197476
-20466.680628,2,5929.318355
-20000,1,5931.417833
-21090.890833,3,5935.569464
-20722.376258,2,5938.691158
-20000,1,5940.78518
-21112.135937,3,5944.92543
-21573.969509,4,5950.099033
-20000,1,5952.194991
-20000,1,5954.281051
-20635.326572,2,5957.391032
-20000,1,5959.485127
-21336.784594,4,5964.662999
-20000,1,5966.761825
-20000,1,5968.857142
-21001.143344,3,5972.993103
-21853.423703,4,5978.172347
-25853.312117,12,5991.53154
-20000,1,5993.627196
-20393.52746,2,5996.750847
-20000,1,5998.846508
-20735.894827,2,6001.971109
-20000,1,6004.067504
-24317.004147,9,6014.376332
-20000,1,6016.468899
-20000,1,6018.565617
-20000,1,6020.661035
-20000,1,6022.760613
-24044.107044,8,6032.04955
-20435.796846,2,6035.175022
-22144.731249,6,6042.407617
-20000,1,6044.491518
-25634.574726,11,6056.853091
-21890.413427,5,6063.058552
-20511.749857,2,6066.184765
-23123.182232,7,6074.441506
-30534.063618,21,6097.045084
-20376.438548,2,6100.164018
-20643.931424,2,6103.291049
-23313.492768,8,6112.544921
-21704.780994,4,6117.727539
-20549.226766,2,6120.84907
-21019.175658,3,6125.002458
-22804.157681,7,6133.263144
-20944.53683,3,6137.367074
-20000,1,6139.458963
-27745.684022,16,6156.948844
-20442.888694,2,6160.074928
-20638.557093,2,6163.184308
-20000,1,6165.257685
-20000,1,6167.345678
-21004.994615,3,6171.491637
-21210.797319,3,6175.639713
-28873.764743,18,6195.162136
-20000,1,6197.250649
-20000,1,6199.346717
-23228.205377,8,6208.637327
-20561.952879,2,6211.749257
-20512.023417,2,6214.867534
-32122.41082,24,6240.568692
-20431.995343,2,6243.694458
-23693.580182,8,6252.982899
-20000,1,6255.038721
-20000,1,6257.129778
-20000,1,6259.230252
-26609.745991,13,6273.655634
-20000,1,6275.750966
-20000,1,6277.847024
-20388.204291,2,6280.973807
-20557.429035,2,6284.087719
-20000,1,6286.17334
-20967.010578,3,6290.321436
-21957.126272,5,6296.532953
-20000,1,6298.631738
-20789.344339,3,6302.780999
-20533.547546,2,6305.905599
-20000,1,6308.002293
-20000,1,6310.101553
-29565.890984,20,6331.663797
-20406.866068,2,6334.787029
-22947.831533,7,6343.041194
-20530.240524,2,6346.110879
-20000,1,6348.209225
-20612.676653,2,6351.321772
-20000,1,6353.421132
-20508.959488,2,6356.551115
-20000,1,6358.6504
-21190.061922,3,6362.794556
-20573.535617,2,6365.918208
-21059.066998,3,6370.062582
-20000,1,6372.158893
-20924.8108,3,6376.309583
-21638.29617,5,6382.51614
-20000,1,6384.613593
-20000,1,6386.711019
-21059.04927,3,6390.867348
-21327.108625,4,6396.045052
-20464.691218,2,6399.165684
-25085.654615,12,6412.568056
-20000,1,6414.669075
-20000,1,6416.765601
-20000,1,6418.867181
-20597.09871,2,6421.992627
-21341.491203,4,6427.174669
-22042.518645,6,6434.402085
-20000,1,6436.497222
-20000,1,6438.591293
-20000,1,6440.689528
-20000,1,6442.757631
-20000,1,6444.854358
-21249.655332,3,6449.004905
-20000,1,6451.1024
-20559.325071,2,6454.225086
-21114.890342,3,6458.373523
-20000,1,6460.474971
-20000,1,6462.576362
-20000,1,6464.673686
-23778.2184,9,6474.990992
-20000,1,6477.087174
-20000,1,6479.181173
-22368.170357,5,6485.390883
-20000,1,6487.489676
-20000,1,6489.587065
-21614.096477,5,6495.771265
-20000,1,6497.865015
-20000,1,6499.961756
-20000,1,6502.050565
-20580.626981,2,6505.168598
-22952.790609,6,6512.398415
-22798.959677,6,6519.625226
-20929.820924,3,6523.774923
-21845.382405,5,6529.971147
-28562.804721,17,6548.487818
-24918.341576,11,6560.839193
-20945.291524,3,6564.992873
-20000,1,6567.091032
-20000,1,6569.191478
-20000,1,6571.287767
-20539.745146,2,6574.572128
-24787.70557,10,6585.87153
-20000,1,6587.955352
-21015.315041,3,6592.104198
-20361.815247,2,6595.229526
-20000,1,6597.32606
-20000,1,6599.427368
-20362.287234,2,6602.546637
-20000,1,6604.636932
-20000,1,6606.731537
-20000,1,6608.817203
-20000,1,6610.915954
-20411.254528,2,6614.028637
-20000,1,6616.079545
-20000,1,6618.177253
-20444.411795,2,6621.299469
-20000,1,6623.397976
-21731.186374,5,6629.609795
-22529.302135,6,6636.831048
-20738.473897,2,6639.952878
-20000,1,6642.047022
-20617.116076,2,6645.150451
-20000,1,6647.25124
-20000,1,6649.344539
-20000,1,6651.439232
-20477.339083,2,6654.555125
-48867.097483,55,6712.055206
-20000,1,6714.137581
-24497.106298,8,6723.423674
-23299.582225,7,6731.687606
-22091.131884,6,6738.868895
-20576.637685,2,6741.993563
-20000,1,6744.093687
-20000,1,6746.190537
-20000,1,6748.27927
-23335.55147,8,6757.556801
-34797.812958,29,6788.409716
-21933.044247,5,6794.609004
-20000,1,6796.707165
-20000,1,6798.806741
-22073.363415,5,6805.013476
-20000,1,6807.105211
-20000,1,6809.216939
-20419.125345,2,6812.339664
-20000,1,6814.432236
-21784.446975,5,6820.623008
-20535.538963,2,6823.740307
-20000,1,6825.834322
-20000,1,6827.934732
-23098.860579,7,6836.190884
-20000,1,6838.290511
-21591.744672,4,6843.476921
-24249.649217,10,6854.825653
-20000,1,6856.920649
-20000,1,6859.019031
-20469.286455,2,6862.140997
-24559.297058,10,6873.481136
-20000,1,6875.579283
-20621.750123,2,6878.705061
-20464.342698,2,6881.825644
-20000,1,6883.914368
-20508.380773,2,6887.039256
-21029.406766,3,6891.191582
-23189.424567,7,6899.452835
-20000,1,6901.545166
-20570.171019,2,6904.663522
-20000,1,6906.75735
-20000,1,6908.851436
-20485.117982,2,6911.971483
-20000,1,6914.06291
-25073.30007,11,6926.423039
-20712.935555,2,6929.549604
-20000,1,6931.642672
-20000,1,6933.736944
-20000,1,6935.836864
-23316.891019,8,6945.099481
-20000,1,6947.195962
-20000,1,6949.286671
-20000,1,6951.369691
-20000,1,6953.464576
-20000,1,6955.56332
-21041.609119,3,6959.712601
-20000,1,6961.813141
-20000,1,6963.91096
-20420.450522,2,6967.03299
-20000,1,6969.129653
-20000,1,6971.228902
-21842.921712,5,6977.416945
-30316.488658,20,6999.009239
-20000,1,7001.111373
-20000,1,7003.205772
-20000,1,7005.303906
-24140.50214,8,7014.581612
-34937.622446,28,7044.409231
-20000,1,7046.510832
-20000,1,7048.608915
-20000,1,7050.688945
-21735.003241,4,7055.86701
-21964.87442,5,7062.070791
-22905.755885,6,7069.305691
-22652.350187,6,7076.514837
-20538.92228,2,7079.641484
-27208.183666,14,7095.075339
-20000,1,7097.170995
-21223.886272,3,7101.319144
-21193.284392,3,7105.459464
-21718.674346,4,7110.630111
-20000,1,7112.73035
-20000,1,7114.831356
-24211.303131,10,7126.151129
-20000,1,7128.24692
-20000,1,7130.347008
-20000,1,7132.447029
-20000,1,7134.543034
-20000,1,7136.627671
-20000,1,7138.725025
-20000,1,7140.823145
-20703.455507,2,7143.947247
-20000,1,7146.045748
-26947.966137,14,7161.496726
-22558.411812,6,7168.711675
-20403.007885,2,7171.830985
-20553.628176,2,7174.956175
-21028.211673,3,7179.103328
-20000,1,7181.194093
-20000,1,7183.281821
-25672.312355,12,7196.67674
-20540.261002,2,7199.790926
-21339.30073,4,7204.965231
-34907.884136,29,7235.828164
-20387.794337,2,7238.953955
-20808.01362,3,7243.102382
-24421.158222,10,7254.44364
-20000,1,7256.534935
-20000,1,7258.630283
-20000,1,7260.721374
-20000,1,7262.813459
-20000,1,7264.912124
-21870.830605,5,7271.107173
-20428.157577,2,7274.234685
-20000,1,7276.327625
-20000,1,7278.423501
-20000,1,7280.521739
-20000,1,7282.618877
-20000,1,7284.713341
-20000,1,7286.795458
-24402.488095,8,7295.910503
-20000,1,7297.958055
-20000,1,7300.003713
-21228.350448,3,7304.060207
-21334.2824,4,7309.171902
-20000,1,7311.250312
-20000,1,7313.345915
-28334.023273,19,7333.928328
-31193.827175,22,7357.583215
-20000,1,7359.679191
-20378.905446,2,7362.797515
-20848.010658,3,7366.940587
-20000,1,7369.031424
-25100.004982,11,7381.397447
-20000,1,7383.49111
-20000,1,7385.563224
-20000,1,7387.659837
-20000,1,7389.756916
-27605.833834,14,7405.213595
-20000,1,7407.296405
-20000,1,7409.392284
-20000,1,7411.487037
-23017.80856,7,7419.742977
-20000,1,7421.835556
-20000,1,7423.935302
-22243.583182,6,7431.165629
-20846.364364,2,7434.285666
-20000,1,7436.384377
-20000,1,7438.478685
-20000,1,7440.571978
-25478.067418,11,7452.910182
-20000,1,7455.008255
-20000,1,7457.102648
-20000,1,7459.199539
-22470.213406,6,7466.434931
-23620.355708,8,7475.718985
-20372.629041,2,7478.85753
-20479.375295,2,7481.978364
-20000,1,7484.075461
-20000,1,7486.170688
-20546.118168,2,7489.292575
-21474.382426,4,7494.473378
-42144.334113,45,7541.764731
-20555.543266,2,7544.88645
-20000,1,7546.979437
-20000,1,7549.074793
-20000,1,7551.174892
-20000,1,7553.265362
-21511.604608,4,7558.44298
-20000,1,7560.54035
-20000,1,7562.630694
-23234.621691,7,7570.883456
-20000,1,7572.985025
-20000,1,7575.085782
-24638.219871,10,7586.430695
-28470.758715,17,7604.950813
-20000,1,7607.042943
-21418.26042,3,7611.199451
-20000,1,7613.295163
-25985.215969,13,7627.697344
-29296.259542,19,7648.271143
-21668.433261,4,7653.454391
-27044.112324,15,7669.925239
-21120.234977,3,7674.069776
-26283.357229,13,7688.499553
-20000,1,7690.593201
-20000,1,7692.688084
-23271.582653,8,7701.941818
-20000,1,7704.037886
-21769.816362,4,7709.215408
-20000,1,7711.312816
-20000,1,7713.408923
-20000,1,7715.501302
-20000,1,7717.603019
-22958.031366,7,7725.841522
-20000,1,7727.932373
-20000,1,7730.031066
-20000,1,7732.126953
-20544.345048,2,7735.247224
-20000,1,7737.345989
-20000,1,7739.442824
-22922.653712,7,7747.705003
-20000,1,7749.800936
-21067.755275,3,7753.951573
-23190.956928,7,7762.217402
-20000,1,7764.311392
-20578.073206,2,7767.433031
-20000,1,7769.530466
-20380.108455,2,7772.65336
-20000,1,7774.750466
-21655.601241,5,7780.957691
-20000,1,7783.051372
-20000,1,7785.151273
-20000,1,7787.22493
-20000,1,7789.314577
-20000,1,7791.41092
-21492.273646,4,7796.585577
-28400.352111,18,7816.124802
-21761.848799,4,7821.279071
-20000,1,7823.376837
-20000,1,7825.471648
-20000,1,7827.569444
-20000,1,7829.663068
-24641.357872,10,7841.003071
-20683.878539,2,7844.126247
-20545.837828,2,7847.253728
-20000,1,7849.350721
-21142.433173,3,7853.49501
-20780.940606,3,7857.63888
-20563.114525,2,7860.759084
-20000,1,7862.857052
-20000,1,7864.957076
-20000,1,7867.053957
-20000,1,7869.152625
-21951.033813,5,7875.363246
-20977.518942,3,7879.500751
-20000,1,7881.590696
-20000,1,7883.686206
-20000,1,7885.763454
-20000,1,7887.844291
-22351.462363,6,7895.036639
-20000,1,7897.13131
-20000,1,7899.22681
-21154.244475,3,7903.377472
-27926.438707,16,7921.049442
-21009.976985,3,7925.197421
-23025.935055,6,7932.430823
-20000,1,7934.527587
-26648.217611,14,7949.959219
-20000,1,7952.053302
-20471.700729,2,7955.171192
-20000,1,7957.269542
-20000,1,7959.360732
-20000,1,7961.459663
-20000,1,7963.558016
-21775.295368,5,7969.762622
-20000,1,7971.856969
-20000,1,7973.956018
-21802.205679,5,7980.161485
-21055.821319,3,7984.314874
-20000,1,7986.413312
-20000,1,7988.505785
-20000,1,7990.608936
-21036.820594,3,7994.75931
-20532.829805,2,7997.903301
-25420.636938,10,8009.234965
-21310.402794,4,8014.417202
-20997.617881,3,8018.569058
-28340.917064,17,8037.107105
-20000,1,8039.206228
-20000,1,8041.302368
-20568.226566,2,8044.423828
-20000,1,8046.521075
-22670.553061,6,8053.753146
-20000,1,8055.850866
-20000,1,8057.949203
-23641.619525,7,8066.201437
-20000,1,8068.292965
-22161.852722,5,8074.50174
-20718.430375,2,8077.62766
-20000,1,8079.719938
-20827.763343,3,8083.871142
-27402.422257,16,8101.365685
-20000,1,8103.467025
-20746.149684,3,8107.617209
-21112.815786,3,8111.770603
-20000,1,8113.866771
-20000,1,8115.9433
-20000,1,8118.0433
-20000,1,8120.141489
-20000,1,8122.237462
-20784.823356,3,8126.391102
-21266.256152,3,8130.50555
-20000,1,8132.599675
-20000,1,8134.697157
-20000,1,8136.793056
-21408.907832,4,8141.969457
-20000,1,8144.064956
-21912.660908,5,8150.267018
-29935.314691,20,8171.865052
-22144.717128,5,8178.06702
-24307.488513,9,8188.354151
-20000,1,8190.414875
-22018.472932,6,8197.64307
-20933.489141,3,8201.791795
-20000,1,8203.888861
-20653.527804,2,8207.014996
-22301.882618,6,8214.242999
-20000,1,8216.330586
-22679.687415,6,8223.547421
-20000,1,8225.638489
-20000,1,8227.73104
-20000,1,8229.825189
-20000,1,8231.919369
-21950.62336,5,8238.120602
-20000,1,8240.214627
-20000,1,8242.306665
-24531.122228,11,8254.667061
-20000,1,8256.745399
-20000,1,8258.839478
-22431.249157,6,8266.07455
-20000,1,8268.166891
-21571.288924,4,8273.343777
-20000,1,8275.441702
-20000,1,8277.542446
-22118.833898,6,8284.765016
-20000,1,8286.86704
-20000,1,8288.962868
-20000,1,8291.060963
-20000,1,8293.159331
-26178.506992,13,8307.580724
-23427.866856,7,8315.81704
-20000,1,8317.913414
-22237.862178,5,8324.12084
-22130.644531,5,8330.321444
-20000,1,8332.420047
-20000,1,8334.516687
-20000,1,8336.615097
-20534.946211,2,8339.742167
-20000,1,8341.838854
-22717.510076,7,8350.081465
-21114.438786,3,8354.23005
-20000,1,8356.326043
-21006.791049,3,8360.462416
-20496.86802,2,8363.586571
-20000,1,8365.68157
-28355.266482,18,8385.237529
-20519.326373,2,8388.347148
-21365.170311,4,8393.527065
-20000,1,8395.621595
-20450.730806,2,8398.745089
-20000,1,8400.835109
-21117.469305,3,8404.986964
-21640.58689,5,8411.200531
-20000,1,8413.299183
-21080.661379,3,8417.446941
-21747.294678,4,8422.60787
-20000,1,8424.70535
-20000,1,8426.795289
-20000,1,8428.88568
-21585.548335,4,8434.065087
-20000,1,8436.160932
-39861.467448,40,8478.253244
-20000,1,8480.347526
-20000,1,8482.444098
-20632.043201,2,8485.569515
-20000,1,8487.657932
-22735.444093,6,8494.843872
-20379.231539,2,8497.972932
-20000,1,8500.071075
-20000,1,8502.169179
-20946.243623,3,8506.317507
-20000,1,8508.410933
-28630.051189,16,8525.907969
-24438.494848,10,8537.248254
-20000,1,8539.349125
-21433.454248,4,8544.519113
-21890.097036,5,8550.725592
-39651.816315,39,8591.856756
-20000,1,8593.93856
-20000,1,8596.035848
-30413.903635,21,8618.646936
-21276.480775,3,8622.801293
-20788.31163,3,8626.923452
-21340.882505,4,8632.103521
-26615.063365,14,8647.551653
-20000,1,8649.646907
-20000,1,8651.743015
-21557.104772,4,8656.922402
-21483.967767,4,8662.098636
-20000,1,8664.192455
-20000,1,8666.272824
-20000,1,8668.368942
-20000,1,8670.461627
-21391.121702,3,8674.619467
-20000,1,8676.717978
-20000,1,8678.799119
-20000,1,8680.894632
-20380.559701,2,8684.018474
-22408.791655,6,8691.240913
-21883.227423,4,8696.42343
-25540.4898,11,8708.795228
-20000,1,8710.892907
-20544.966639,2,8714.01965
-24003.557471,9,8724.328542
-20000,1,8726.4291
-22331.918776,6,8733.667122
-20000,1,8735.763095
-20000,1,8737.867211
-20000,1,8739.963163
-20000,1,8742.060558
-20000,1,8744.15874
-20764.236847,2,8747.282279
-20000,1,8749.374831
-20000,1,8751.475343
-20000,1,8753.571564
-21153.85415,3,8757.727005
-20000,1,8759.827083
-20000,1,8761.919686
-21208.522592,4,8767.090719
-20427.624304,2,8770.214995
-33390.31114,27,8799.013119
-22586.04249,5,8805.22403
-20000,1,8807.320468
-22321.181416,5,8813.515349
-20000,1,8815.611528
-20417.846323,2,8818.729403
-21229.756733,3,8822.877928
-20000,1,8824.977877
-21826.204012,4,8830.157103
-20000,1,8832.258252
-22335.265809,5,8838.458527
-20848.669102,2,8841.580806
-20453.494523,2,8844.699086
-20000,1,8846.789651
-20000,1,8848.893884
-20000,1,8850.991305
-20993.978403,3,8855.142749
-21966.535222,5,8861.351523
-21443.167146,4,8866.523292
-20000,1,8868.611985
-20000,1,8870.699037
-20000,1,8872.763001
-23291.546865,6,8879.99904
-24654.214784,9,8890.319039
-20000,1,8892.413936
-20000,1,8894.513638
-20863.392849,3,8898.666946
-27475.568525,14,8914.098739
-20000,1,8916.192782
-20886.851402,3,8920.344226
-20367.746885,2,8923.465171
-20414.998945,2,8926.584951
-28510.818847,16,8944.064867
-20663.771643,2,8947.191317
-20000,1,8949.285629
-22583.495686,6,8956.51586
-20000,1,8958.614936
-20000,1,8960.710373
-20000,1,8962.808945
-20000,1,8964.89211
-23199.769888,7,8973.147298
-20000,1,8975.238914
-20835.270594,3,8979.39508
-26222.559305,13,8993.820025
-20000,1,8995.920626
-21552.317546,4,9001.104193
-20000,1,9003.19592
-27718.619383,16,9020.667513
-20000,1,9022.764965
-22066.006496,5,9028.96511
-21832.789739,5,9035.174844
-22870.697759,6,9042.413073
-20000,1,9044.515061
-21675.952511,4,9049.697405
-21112.959754,4,9054.877541
-20000,1,9056.973673
-20429.306377,2,9060.096984
-20000,1,9062.192962
-20000,1,9064.291255
-23153.398748,7,9072.560425
-23033.099645,7,9080.824758
-20000,1,9082.919007
-22335.914171,5,9089.091952
-26003.694741,13,9103.510857
-24018.729939,9,9113.814439
-29850.498853,20,9135.429176
-23259.976153,7,9143.683372
-20000,1,9145.777068
-21337.297447,4,9150.939525
-20000,1,9153.034847
-20376.433799,2,9156.16423
-21075.286203,3,9160.311202
-21188.108162,3,9164.46294
-22364.81393,6,9171.70525
-20000,1,9173.801634
-20000,1,9175.905086
-21363.979199,4,9181.072855
-31648.989761,23,9205.778974
-21558.042636,4,9210.955583
-20000,1,9213.049424
-20000,1,9215.143378
-21729.759522,4,9220.317175
-20000,1,9222.411192
-20863.990464,3,9226.55951
-20000,1,9228.657015
-30312.775586,21,9251.489627
-21661.467013,4,9256.663744
-20000,1,9258.753413
-20000,1,9260.84732
-20000,1,9262.946402
-20000,1,9265.042924
-20000,1,9267.131893
-29698.932393,18,9286.682767
-22547.31785,5,9292.892277
-24117.787533,9,9303.195075
-20000,1,9305.281674
-21730.673702,4,9310.457085
-20000,1,9312.554746
-20000,1,9314.651329
-23031.950382,7,9322.905469
-25255.724953,12,9336.300587
-20000,1,9338.394088
-20873.891505,3,9342.54684
-20000,1,9344.641378
-25062.044724,11,9357.020945
-20000,1,9359.11547
-27396.138129,16,9376.61123
-22869.287045,7,9384.876648
-20721.601441,2,9388.000783
-20000,1,9390.097891
-25129.086835,11,9402.443026
-20000,1,9404.539156
-20000,1,9406.638891
-20000,1,9408.735369
-20386.781029,2,9411.860062
-20000,1,9413.957334
-20000,1,9416.053517
-20937.436911,3,9420.20129
-20000,1,9422.301018
-21191.543005,3,9426.451094
-20422.001649,2,9429.567357
-20000,1,9431.65777
-20924.54961,3,9435.807107
-20000,1,9437.908612
-22585.893321,6,9445.147332
-20000,1,9447.249608
-21811.32828,5,9453.457344
-22047.482623,4,9458.635145
-21284.621124,3,9462.777253
-20000,1,9464.877519
-20000,1,9466.972939
-20000,1,9469.068307
-23404.853408,8,9478.355127
-26600.113555,13,9492.744052
-20000,1,9494.838771
-20964.304493,3,9498.992881
-23135.037397,7,9507.253314
-22223.683494,5,9513.461193
-20000,1,9515.561229
-26802.595121,16,9533.051124
-20000,1,9535.145271
-20954.583612,3,9539.293027
-20978.725633,3,9543.443861
-20000,1,9545.541509
-21265.868121,4,9550.705073
-20000,1,9552.805017
-27621.714313,16,9570.269042
-20000,1,9572.361428
-22071.935183,5,9578.541536
-26421.392007,14,9593.981251
-20000,1,9596.079015
-22221.605472,6,9603.299443
-20615.271584,2,9606.428462
-20000,1,9608.524152
-22474.800326,5,9614.733203
-20000,1,9616.791397
-21771.475221,5,9622.998865
-20000,1,9625.097011
-20000,1,9627.191443
-20000,1,9629.278888
-20000,1,9631.375445
-20620.780962,2,9634.47519
-20000,1,9636.569376
-20000,1,9638.656635
-20991.389657,3,9642.805528
-29071.023074,18,9662.339365
-20536.393146,2,9665.467046
-20000,1,9667.55635
-20764.212183,3,9671.706326
-20000,1,9673.801329
-20000,1,9675.892222
-25229.887011,12,9689.266642
-25068.762613,11,9701.635056
-20000,1,9703.715068
-20000,1,9705.813096
-20000,1,9707.90522
-20853.524837,3,9712.079378
-20783.204757,2,9715.203645
-20000,1,9717.299084
-20424.051037,2,9720.423878
-21335.865049,4,9725.60502
-20000,1,9727.685003
-20546.944067,2,9730.807537
-20000,1,9732.897072
-20413.125256,2,9736.021732
-20000,1,9738.117338
-20000,1,9740.21422
-20000,1,9742.312847
-20594.335311,2,9745.435565
-22266.168441,6,9752.66789
-20000,1,9754.762749
-23380.381811,7,9763.020387
-20372.01019,2,9766.142888
-20000,1,9768.235374
-20000,1,9770.319859
-24574.728465,10,9781.65888
-28272.31838,16,9799.16123
-32959.727102,24,9824.869034
-21222.713495,3,9829.021268
-26901.054518,15,9845.493619
-20000,1,9847.586893
-26282.131245,13,9862.00101
-24443.768883,8,9871.290785
-22388.941522,5,9877.496147
-21777.754442,5,9883.703555
-22186.890072,5,9889.915398
-20546.70785,2,9893.039299
-20000,1,9895.129559
-20000,1,9897.228755
-20418.588703,2,9900.35318
-22801.928837,6,9907.58808
-20881.544461,3,9911.740121
-20000,1,9913.835168
-20000,1,9915.929436
-20000,1,9918.022954
-20729.116449,2,9921.151043
-20805.443677,3,9925.300858
-20000,1,9927.391415
-22324.303563,6,9934.62185
-21553.707164,4,9939.793579
-20368.621435,2,9942.917467
-20000,1,9945.011116
-20891.215346,3,9949.157444
-23487.62584,7,9957.385134
-20000,1,9959.475657
-20000,1,9961.575224
-24878.683319,10,9972.911177
-20575.319421,2,9976.033045
-20000,1,9978.125908
-22284.98277,5,9984.326803
-20416.427062,2,9987.441267
-20000,1,9989.535007
-20000,1,9991.62952
-20000,1,9993.722871
-20452.676135,2,9996.850842
-20000,1,9998.945569
-28364.405318,17,10017.467232
-23361.814797,8,10026.730743
-31590.060342,24,10052.455399
-24741.20775,10,10063.789794
-20939.985095,3,10067.941515
-20554.200329,2,10071.067513
-20000,1,10073.165025
-24659.028886,9,10083.46313
-22176.490859,5,10089.675736
-20435.051761,2,10092.80157
-20000,1,10094.897683
-21094.417287,3,10099.049084
-22733.036181,6,10106.281314
-20000,1,10108.378463
-20000,1,10110.47542
-20000,1,10112.533492
-20421.169257,2,10115.65043
-20000,1,10117.744741
-20000,1,10119.831898
-20000,1,10121.91884
-20000,1,10124.016662
-20000,1,10126.111606
-20000,1,10128.208908
-20000,1,10130.303377
-20000,1,10132.39822
-20000,1,10134.493997
-20000,1,10136.59676
-20000,1,10138.691662
-23144.397216,7,10146.957548
-20000,1,10149.053204
-20607.307315,2,10152.175461
-21500.778935,4,10157.35517
-21086.637191,3,10161.501846
-20000,1,10163.603785
-21622.574934,4,10168.786727
-20594.959755,2,10171.916962
-20456.572064,2,10175.038961
-20430.144179,2,10178.161291
-21791.94145,4,10183.329416
-20000,1,10185.425102
-20000,1,10187.519022
-20000,1,10189.623358
-22718.112987,6,10196.859957
-26652.865796,15,10213.329095
-20000,1,10215.423635
-20431.099892,2,10218.54686
-27242.626679,15,10235.040929
-20000,1,10237.117108
-20000,1,10239.216866
-22434.314061,6,10246.450807
-20000,1,10248.545598
-20000,1,10250.64346
-21257.144944,3,10254.800977
-20000,1,10256.879143
-20000,1,10258.977468
-20000,1,10261.071062
-20000,1,10263.167138
-20000,1,10265.265751
-20000,1,10267.345533
-20000,1,10269.441765
-27895.996468,15,10285.917064
-22222.679772,5,10292.085569
-20000,1,10294.179083
-20000,1,10296.273282
-22038.304419,5,10302.456662
-21178.344467,3,10306.605514
-20000,1,10308.699282
-20000,1,10310.795073
-21112.679027,3,10314.942722
-20000,1,10317.010319
-20000,1,10319.10995
-21183.758701,3,10323.256172
-20000,1,10325.357179
-24740.668851,10,10336.685143
-25256.022319,12,10350.091009
-26251.263556,14,10365.529842
-20000,1,10367.627795
-20357.983405,2,10370.74896
-20000,1,10372.845221
-24759.483634,11,10385.211169
-20000,1,10387.293275
-28293.323538,17,10405.789612
-21486.82355,4,10410.972856
-20000,1,10413.055489
-20914.14237,3,10417.207504
-20770.993614,3,10421.357123
-21070.405808,3,10425.507699
-20000,1,10427.607721
-20000,1,10429.708941
-22252.978653,6,10436.939463
-20773.570464,3,10441.093447
-20618.020882,2,10444.219069
-20000,1,10446.314814
-23236.97309,7,10454.548989
-20000,1,10456.645297
-21255.591765,3,10460.795412
-21482.702366,4,10465.949475
-20000,1,10468.049267
-20000,1,10470.144086
-20000,1,10472.238703
-20000,1,10474.333194
-21171.342328,3,10478.464341
-20000,1,10480.563344
-20000,1,10482.65706
-42775.903136,45,10529.933301
-22116.538068,5,10536.137432
-21571.894078,4,10541.317551
-20000,1,10543.407594
-34889.154922,29,10574.429005
-22126.708531,5,10580.615418
-25719.735559,12,10594.007029
-20000,1,10596.105144
-20000,1,10598.203686
-27956.723142,17,10616.705033
-20000,1,10618.796305
-20000,1,10620.890929
-20000,1,10622.988919
-23510.136034,8,10632.272361
-21193.70572,3,10636.415174
-20000,1,10638.506922
-21802.985435,5,10644.719104
-20412.34505,2,10647.837477
-25208.626211,12,10661.231104
-21558.488392,4,10666.407116
-20000,1,10668.500695
-20559.183955,2,10671.585097
-23022.313895,7,10679.842172
-20000,1,10681.939013
-22053.511386,5,10688.121215
-20888.306897,3,10692.275356
-20649.95673,2,10695.392036
-20000,1,10697.49152
-20000,1,10699.584964
-20000,1,10701.653214
-20000,1,10703.751292
-20706.718569,2,10706.883533
-21025.978368,3,10711.034223
-20516.078019,2,10714.151702
-20000,1,10716.24963
-20385.10093,2,10719.370317
-20000,1,10721.465582
-27573.935392,15,10737.931667
-20000,1,10740.026454
-20000,1,10742.121068
-20807.421785,2,10745.237445
-20000,1,10747.339233
-20000,1,10749.43926
-20554.18004,2,10752.557037
-20384.634625,2,10755.67914
-20000,1,10757.777219
-21534.397924,4,10762.948005
-20000,1,10765.039634
-20000,1,10767.135046
-20000,1,10769.229685
-20971.391709,3,10778.385553
-21022.31755,3,10782.533052
-25315.756054,12,10795.905788
-21625.184357,4,10801.083107
-22088.455008,5,10807.29118
-20000,1,10809.3833
-20000,1,10811.482494
-20000,1,10813.578893
-20000,1,10815.681035
-30202.912964,20,10837.273874
-20000,1,10839.369355
-20653.411514,2,10842.496738
-20000,1,10844.589082
-20379.001367,2,10847.717542
-20402.330938,2,10850.833428
-20000,1,10852.933051
-20000,1,10855.029522
-20367.222754,2,10858.14912
-21118.630312,3,10862.300733
-23005.139724,7,10870.568952
-20827.716074,3,10874.714947
-20000,1,10876.806627
-20996.608667,3,10880.949548
-21320.667372,3,10885.101442
-20376.258715,2,10888.20848
-22350.496512,5,10894.37021
-20000,1,10896.469064
-21027.358378,3,10900.62308
-20000,1,10902.716983
-20000,1,10904.813507
-20000,1,10906.908747
-20000,1,10909.00591
-20451.944781,2,10912.155722
-23940.529905,9,10922.457533
-28878.667141,19,10943.024719
-20408.11169,2,10946.151155
-20431.878351,2,10949.242971
-20000,1,10951.338534
-20000,1,10953.433014
-22683.892283,6,10960.651126
-22081.278832,5,10966.857779
-22642.787162,6,10974.096639
-20000,1,10976.191861
-23885.73677,10,10987.544784
-20000,1,10989.638227
-22544.271962,6,10996.85448
-20000,1,10998.952628
-21445.026184,3,11003.106446
-20740.810721,2,11006.230938
-20000,1,11008.331052
-20567.908545,2,11011.43724
-20000,1,11013.531193
-23489.772368,7,11021.783968
-23737.861659,9,11032.099083
-20000,1,11034.195625
-20000,1,11036.289635
-20000,1,11038.384989
-20982.634935,3,11042.54299
-20000,1,11044.636404
-22054.947523,5,11050.846947
-20000,1,11052.943424
-20000,1,11055.031288
-22455.299681,5,11061.243346
-20000,1,11063.339134
-20389.739802,2,11066.46302
-21258.285428,4,11071.642571
-20606.054051,2,11074.730757
-21105.523593,3,11078.881633
-20000,1,11080.983206
-20000,1,11083.080624
-20841.766356,3,11087.228328
-21392.78276,4,11092.405295
-20000,1,11094.503672
-20000,1,11096.593092
-20000,1,11098.697031
-20727.574454,3,11102.84723
-22448.615714,6,11110.066968
-26387.941314,14,11125.524776
-20709.958639,2,11128.644477
-22920.672853,7,11136.891083
-20417.099487,2,11139.980798
-20000,1,11142.070246
-22150.606454,5,11148.265327
-20000,1,11150.359431
-20000,1,11152.457025
-20000,1,11154.551074
-21205.747581,3,11158.700815
-21067.191729,3,11162.848552
-20000,1,11164.941311
-20877.835896,3,11169.091476
-23669.591876,7,11177.319497
-21826.65013,5,11183.524053
-20000,1,11185.62907
-22630.201524,6,11192.861187
-20000,1,11194.961388
-20625.434904,2,11198.084096
-20000,1,11200.183375
-21200.681114,4,11205.360897
-25094.74007,11,11217.716287
-20000,1,11219.813024
-21573.843064,4,11224.998539
-22828.484383,7,11233.257824
-20880.652933,3,11237.408443
-21387.125693,3,11241.557144
-21052.455969,3,11245.70268
-20000,1,11247.79949
-20000,1,11249.890996
-20000,1,11251.979194
-20000,1,11254.075265
-20000,1,11256.167566
-20785.483564,3,11260.30097
-20745.824071,2,11263.427016
-20402.293945,2,11266.547651
-20000,1,11268.645593
-22809.507511,6,11275.869638
-20482.627385,2,11278.987057
-20000,1,11281.072437
-20000,1,11283.166924
-20864.122866,3,11287.32101
-43675.299855,45,11334.589196
-20000,1,11336.691304
-20000,1,11338.789104
-24200.796939,9,11349.097002
-20000,1,11351.182508
-27359.267513,15,11367.653999
-20000,1,11369.757047
-20000,1,11371.853063
-20000,1,11373.944737
-20000,1,11376.045116
-22658.769316,6,11383.270625
-20993.963546,3,11387.412872
-20000,1,11389.511601
-20000,1,11391.613842
-31220.868916,23,11416.309741
-21461.705686,4,11421.475977
-20000,1,11423.568889
-20000,1,11425.663051
-21581.478396,4,11430.842949
-20000,1,11432.941638
-25241.275164,11,11445.294296
-20000,1,11447.389588
-20413.060234,2,11450.509159
-20000,1,11452.587396
-20454.771871,2,11455.714123
-22310.064646,6,11462.942004
-20000,1,11465.038861
-20000,1,11467.135154
-20000,1,11469.22716
-20000,1,11471.32735
-20000,1,11473.421506
-20000,1,11475.509948
-30617.358789,23,11500.139671
-21213.950009,3,11504.288996
-21162.394054,3,11508.435213
-22971.375297,7,11516.693806
-20000,1,11518.787199
-24203.484599,9,11529.087135
-20000,1,11531.180444
-20356.803779,2,11534.30491
-28096.564568,18,11553.853456
-20000,1,11555.94941
-21153.726537,3,11560.097231
-20000,1,11562.192526
-20000,1,11564.286522
-20000,1,11566.379494
-24704.384064,11,11578.742823
-20000,1,11580.841435
-20000,1,11582.940704
-20000,1,11585.039043
-20000,1,11587.133331
-20000,1,11589.232428
-20000,1,11591.333506
-22804.669437,7,11599.600342
-20000,1,11601.69706
-23734.86484,8,11610.99141
-20502.169747,2,11614.115714
-20000,1,11616.210574
-26893.65765,15,11632.688327
-22383.371299,6,11639.909822
-23188.699901,7,11648.16141
-20000,1,11650.257244
-20000,1,11652.355305
-28891.054538,17,11670.877441
-21150.345999,3,11675.033798
-20000,1,11677.125677
-21155.137836,3,11681.278788
-20000,1,11683.372827
-25470.166333,11,11695.72935
-20000,1,11697.816135
-20447.611312,2,11700.93692
-23914.828634,9,11711.249093
-21368.035821,3,11715.381449
-24697.66851,10,11726.705012
-20000,1,11728.795462
-20000,1,11730.891637
-25419.466822,11,11743.258436
-20000,1,11745.358293
-20000,1,11747.454976
-20000,1,11749.553076
-21832.041769,5,11755.715033
-20000,1,11757.811551
-22658.881416,7,11766.074939
-20000,1,11768.162898
-26164.21645,13,11782.585706
-21639.233418,4,11787.733607
-20545.47002,2,11790.86308
-20000,1,11792.95955
-20000,1,11795.055708
-21525.178919,4,11800.236511
-20391.56557,2,11803.356487
-20000,1,11805.443421
-23142.991943,8,11814.728964
-20000,1,11816.828838
-20000,1,11818.920908
-22574.106095,6,11826.157195
-20000,1,11828.255815
-20000,1,11830.347235
-20000,1,11832.438927
-20000,1,11834.536247
-20000,1,11836.636254
-20000,1,11838.734614
-22831.993838,7,11846.990923
-20000,1,11849.086829
-24960.286937,10,11860.426962
-20381.236893,2,11863.540972
-20000,1,11865.631014
-20000,1,11867.723225
-23368.663721,7,11875.987824
-21099.236516,3,11880.13301
-21148.719273,3,11884.285459
-21225.722911,3,11888.435295
-20000,1,11890.526997
-20000,1,11892.624242
-31356.152208,24,11918.325125
-23802.394795,9,11928.800422
-22636.567186,6,11936.019686
-21610.555802,4,11941.18537
-20000,1,11943.284058
-27712.307065,16,11960.796801
-22114.589924,4,11965.973328
-21563.699538,4,11971.140172
-20000,1,11973.227628
-20000,1,11975.317064
-22034.550059,5,11981.523224
-20000,1,11983.617408
-20000,1,11985.713469
-20000,1,11987.808947
-20000,1,11989.909819
-20000,1,11992.010414
-20821.066875,3,11996.146522
-20000,1,11998.241434
-20719.90971,2,12001.349144
-20000,1,12003.430218
-20000,1,12005.522228
-22090.72416,5,12011.717069
-20812.541068,3,12015.869227
-23251.170431,7,12024.137188
-20000,1,12026.230887
-21386.541016,4,12031.411105
-21429.98799,4,12036.569009
-20000,1,12038.665047
-20000,1,12040.759987
-21969.019374,5,12046.965108
-20000,1,12049.056965
-20000,1,12051.153027
-21025.407596,3,12055.308908
-22929.951789,7,12063.571136
-20000,1,12065.646788
-20000,1,12067.741405
-20565.493784,2,12070.853604
-20000,1,12072.948147
-22625.888988,6,12080.160826
-21313.845026,4,12085.345087
-22229.010874,5,12091.538698
-22330.546377,6,12098.759041
-20000,1,12100.859001
-20733.094402,2,12103.978509
-21503.27208,4,12109.163125
-20000,1,12111.247546
-24830.500235,10,12122.59352
-20907.524876,3,12126.74836
-20911.342003,3,12130.897254
-21450.81027,4,12136.069028
-20000,1,12138.166063
-20000,1,12140.260718
-20000,1,12142.361629
-20000,1,12144.454615
-20000,1,12146.550334
-23579.688621,7,12154.812867
-22637.505742,6,12162.030989
-20593.093603,2,12165.154884
-20000,1,12167.246893
-20000,1,12169.346917
-20000,1,12171.442894
-20000,1,12173.541003
-28753.830371,17,12192.068178
-31941.042825,23,12216.771361
-20000,1,12218.873123
-28695.65517,19,12239.428807
-22388.214541,6,12246.647063
-20000,1,12248.740247
-20435.504258,2,12251.845381
-20000,1,12253.943918
-20000,1,12256.040704
-20000,1,12258.144537
-20000,1,12260.244748
-20477.142275,2,12263.373669
-23666.033283,8,12272.659425
-21300.742881,3,12276.814333
-24268.930255,8,12286.105381
-20000,1,12288.197077
-21324.629164,3,12292.346973
-20000,1,12294.438945
-20000,1,12296.53693
-20000,1,12298.635485
-20000,1,12300.733017
-23317.137425,8,12310.015697
-20000,1,12312.112973
-21649.775069,4,12317.293554
-21370.33934,4,12322.478623
-20000,1,12324.582438
-20000,1,12326.678956
-21120.298271,3,12330.830994
-21703.650964,5,12337.035209
-20000,1,12339.121052
-20000,1,12341.220975
-20452.49109,2,12344.34514
-20000,1,12346.442807
-20000,1,12348.542946
-28559.820071,18,12368.118921
-22635.635677,6,12375.35
-21736.379748,4,12380.531285
-20550.427546,2,12383.653043
-20000,1,12385.745426
-20000,1,12387.849289
-21878.447988,4,12393.027066
-20372.395501,2,12396.149658
-20000,1,12398.247284
-20000,1,12400.342498
-20000,1,12402.440476
-20000,1,12404.532094
-22841.301914,6,12411.723395
-20000,1,12413.818416
-20000,1,12415.91849
-20000,1,12418.0156
-20000,1,12420.111588
-20000,1,12422.20511
-21245.864322,3,12426.353033
-21096.883181,3,12430.501851
-20000,1,12432.584864
-20000,1,12434.674659
-22129.585004,5,12440.862525
-20000,1,12442.966244
-21809.73509,4,12448.143597
-20000,1,12450.239108
-20000,1,12452.335567
-20000,1,12454.432966
-25014.898089,12,12467.814781
-20000,1,12469.911395
-20498.577781,2,12473.032579
-20000,1,12475.139632
-22468.092281,6,12482.374739
-28007.598706,17,12500.890904
-20000,1,12502.959484
-21830.448255,5,12509.161994
-20000,1,12511.259934
-20000,1,12513.360758
-20000,1,12515.461233
-20000,1,12517.560439
-21811.403057,5,12523.765215
-20000,1,12525.860925
-20000,1,12527.957634
-20000,1,12530.040837
-20000,1,12532.122254
-21333.135292,3,12536.269097
-20000,1,12538.363404
-20637.50446,2,12541.486844
-24472.793707,10,12552.820963
-20666.765655,2,12555.947393
-21009.897112,3,12560.101068
-20609.590386,2,12563.209382
-23147.657113,7,12571.464887
-22146.847932,6,12578.700994
-20000,1,12580.800821
-20000,1,12582.89574
-20000,1,12584.994837
-20000,1,12587.090964
-23706.395764,8,12596.361306
-21679.898237,5,12602.565654
-20499.369062,2,12605.691023
-20000,1,12607.795121
-23018.472383,6,12615.03607
-21264.085081,3,12619.183361
-20000,1,12621.27907
-20000,1,12623.370409
-20000,1,12625.466959
-20000,1,12627.551817
-23135.199175,7,12635.803439
-20000,1,12637.899476
-20000,1,12639.994148
-20367.671023,2,12643.118225
-20000,1,12645.212706
-21130.129023,3,12649.360697
-20428.944329,2,12652.485114
-22532.944584,6,12659.684149
-21136.63927,3,12663.814412
-23140.215201,6,12671.04074
-20000,1,12673.139731
-20604.500404,2,12676.26298
-20000,1,12678.357121
-26302.390467,12,12691.731604
-20000,1,12693.826998
-20000,1,12695.928063
-20000,1,12698.017821
-20400.69485,2,12701.134535
-20000,1,12703.225521
-21356.688065,4,12708.394405
-21076.443184,3,12712.549049
-25120.034669,11,12724.925533
-20000,1,12727.022925
-20000,1,12729.114818
-24127.979426,10,12740.454758
-20552.037836,2,12743.578066
-20000,1,12745.674045
-23643.99162,7,12753.924403
-31986.685749,24,12779.665479
-20000,1,12781.761101
-24111.618276,9,12792.088604
-20000,1,12794.185326
-21157.67625,4,12799.35042
-22118.470241,5,12805.559196
-20000,1,12807.659313
-20833.416406,3,12811.789641
-22185.909784,6,12819.018648
-21227.438981,3,12823.175039
-20545.48885,2,12826.298674
-20000,1,12828.394025
-20663.234274,2,12831.526931
-20458.22055,2,12834.652379
-20793.300105,3,12838.801543
-20000,1,12840.861262
-20000,1,12842.953081
-22387.065276,5,12849.15747
-21064.140331,3,12853.305335
-20000,1,12855.399234
-20565.601256,2,12858.523497
-20000,1,12860.621909
-20000,1,12862.722911
-20000,1,12864.818315
-33775.33733,28,12894.638938
-20383.501144,2,12897.762084
-22775.217652,6,12904.982987
-20547.7745,2,12908.103272
-20509.932132,2,12911.227502
-20000,1,12913.323699
-21082.119061,3,12917.477161
-21709.568011,4,12922.657696
-20000,1,12924.753195
-21291.366508,4,12929.935549
-21288.260794,3,12934.085555
-20458.032994,2,12937.212975
-20000,1,12939.306997
-20751.390974,2,12942.435368
-22626.162826,6,12949.668977
-35047.874121,30,12981.547193
-20436.853202,2,12984.668748
-20000,1,12986.753412
-21098.312316,3,12990.906982
-22474.380332,6,12998.126731
-20000,1,13000.22327
-20935.174629,3,13004.376987
-20000,1,13006.473871
-22027.734357,4,13011.647121
-28652.297849,19,13032.225195
-22559.239608,6,13039.453677
-20000,1,13041.54766
-20000,1,13043.642181
-20000,1,13045.738197
-20000,1,13047.832852
-25914.380657,12,13061.205166
-26989.709283,15,13077.681587
-20000,1,13079.779119
-20538.324316,2,13082.904922
-20000,1,13085.000884
-21504.46478,4,13090.177503
-20000,1,13092.27218
-20000,1,13094.366393
-20497.860998,2,13097.491372
-20000,1,13099.587309
-20000,1,13101.681545
-20000,1,13103.761608
-20000,1,13105.856897
-20000,1,13107.954834
-20729.555634,2,13111.045136
-22381.180929,6,13118.279658
-20000,1,13120.377012
-22012.954901,5,13126.585627
-20000,1,13128.681777
-23458.24159,7,13136.921555
-37186.828178,35,13173.950514
-21754.996007,4,13179.131502
-20000,1,13181.226856
-20000,1,13183.318841
-33699.264236,28,13213.135506
-20000,1,13215.227985
-20993.013155,3,13219.36619
-20000,1,13221.46089
-25442.905804,12,13234.847559
-35407.346741,30,13266.715191
-20000,1,13268.809358
-20000,1,13270.909187
-22108.776827,5,13277.29617
-20953.846683,3,13281.44467
-23434.909223,8,13290.700181
-20000,1,13292.793509
-20000,1,13294.883182
-25199.486063,10,13306.233459
-20000,1,13308.327693
-25658.556593,14,13323.751663
-20000,1,13325.840988
-20000,1,13327.933146
-20000,1,13330.028828
-22753.855729,6,13337.264575
-22622.27391,6,13344.503463
-20587.567948,2,13347.591084
-20893.081534,3,13351.741279
-20471.622501,2,13354.865559
-20000,1,13356.969203
-25847.594394,11,13369.337282
-21174.040841,4,13374.512944
-21354.122856,4,13379.694229
-22689.061487,7,13387.962906
-20000,1,13390.058967
-20000,1,13392.155259
-30602.575096,21,13414.772914
-22010.024333,5,13420.977162
-26889.376654,14,13436.440925
-20000,1,13438.531601
-20475.489506,2,13441.652919
-22762.407605,7,13449.903146
-21454.18723,4,13455.083163
-20000,1,13457.174887
-20000,1,13459.269219
-20984.916212,3,13463.417012
-20000,1,13465.513865
-21870.000523,4,13470.680118
-20000,1,13472.775716
-20000,1,13474.874126
-20000,1,13476.976061
-20000,1,13479.074397
-20000,1,13481.17617
-20000,1,13483.273459
-20000,1,13485.373091
-20000,1,13487.469129
-21163.110379,4,13492.641125
-20000,1,13494.743635
-26748.282295,15,13511.213224
-20000,1,13513.30984
-20534.881639,2,13516.434371
-20000,1,13518.530156
-21333.502893,4,13523.710954
-26453.470542,13,13538.118592
-20000,1,13540.21825
-20000,1,13542.313242
-20000,1,13544.407619
-20000,1,13546.499606
-20938.279827,3,13550.637938
-20444.77871,2,13553.76372
-22121.211628,5,13559.968746
-22867.328785,7,13568.210473
-22595.77237,6,13575.438991
-20000,1,13577.531034
-20000,1,13579.624894
-20000,1,13581.724296
-20000,1,13583.824671
-21628.885734,4,13589.001273
-20000,1,13591.09612
-20000,1,13593.171299
-20000,1,13595.268515
-21693.638963,4,13600.443076
-20603.31084,2,13603.565541
-23286.932569,7,13611.822527
-20000,1,13613.917196
-23103.058113,7,13622.178576
-21485.31882,4,13627.331078
-24733.356205,10,13638.654458
-20511.729426,2,13641.776445
-20000,1,13643.864898
-21339.700134,3,13648.019414
-20911.786066,3,13652.173372
-21454.760963,3,13656.307137
-24105.825587,9,13666.581463
-20874.297762,3,13670.738626
-20000,1,13672.827025
-22893.349772,7,13681.090956
-20000,1,13683.1851
-20000,1,13685.280068
-20000,1,13687.37946
-20580.454829,2,13690.499416
-20000,1,13692.599577
-27540.511915,16,13710.081711
-20000,1,13712.179108
-20000,1,13714.269563
-20693.957298,2,13717.3901
-20556.601995,2,13720.502779
-20000,1,13722.598404
-20000,1,13724.692899
-20000,1,13726.781147
-20702.544331,2,13729.888404
-20000,1,13731.981675
-20000,1,13734.072882
-20000,1,13736.166921
-20000,1,13738.263363
-20000,1,13740.359002
-20000,1,13742.452956
-23306.099312,8,13751.73323
-20543.904612,2,13754.837188
-20000,1,13756.935087
-20611.053622,2,13760.061109
-20000,1,13762.150542
-21041.273082,3,13766.297654
-20000,1,13768.393429
-20000,1,13770.488832
-21718.631428,4,13775.671123
-20000,1,13777.764791
-20000,1,13779.859039
-20000,1,13781.959647
-20365.72371,2,13785.067079
-20000,1,13787.165298
-23811.267475,9,13797.44964
-25470.943787,13,13811.866285
-26314.744465,13,13826.277675
-21072.40568,3,13830.423528
-20000,1,13832.519039
-20577.530395,2,13835.633078
-20000,1,13837.735376
-20000,1,13839.828893
-21170.684987,4,13845.010953
-20000,1,13847.109786
-20000,1,13849.207533
-20000,1,13851.2694
-20526.811338,2,13854.390629
-20000,1,13856.488828
-24078.690307,8,13865.783031
-20000,1,13867.879026
-23306.416917,6,13875.121179
-20000,1,13877.221174
-20000,1,13879.323009
-20000,1,13881.419105
-23720.231396,7,13889.665403
-20362.671858,2,13892.786459
-20000,1,13894.876396
-20000,1,13896.967676
-21384.737852,4,13902.144884
-20939.429119,3,13906.29128
-20000,1,13908.383519
-20000,1,13910.479026
-20000,1,13912.581149
-20000,1,13914.680276
-20000,1,13916.779208
-20000,1,13918.882851
-25173.849456,11,13931.259013
-21212.454434,4,13936.437046
-23369.15662,8,13945.729157
-21005.918992,3,13949.880085
-23822.029931,8,13959.170786
