#{"t_start": 1602585710.1716993, "env_id": "DeeplengDocking-v1"}
r,l,t
-21866.55,22,15.018584
-20486.11,5,18.221983
-20352.2,4,20.89683
-20220.08,3,23.042671
-21673.53,16,32.03934
-21153.55,13,39.451503
-22221.82,40,61.081662
-20399.19,5,64.284122
-22913.9,28,79.593404
-20568.42,6,83.324371
-20396.88,4,86.000092
-20136.19,2,87.625543
-21095.24,13,95.045106
-20000,1,96.141119
-20716.29,8,100.925216
-20129.28,2,102.54892
-20271.05,3,104.700043
-20000,1,105.797575
-22837.83,30,122.913581
-20980.39,11,129.27935
-20314.54,4,131.958286
-20602.85,10,137.792956
-20940.64,11,144.152732
-20962.09,11,150.516912
-21177.98,13,157.935991
-20881.06,14,165.873766
-20936.5,10,171.708576
-21086.31,13,179.831165
-20667.05,9,185.138973
-20581.95,13,192.555131
-20795.8,9,197.866889
-20482.34,6,201.595956
-20736.66,8,206.380142
-21066.97,13,213.79811
-20316.5,4,216.474637
-20668.73,10,222.313075
-20599.18,8,227.097911
-20941.04,11,233.462566
-21217.05,16,243.062824
-20720.79,10,248.898391
-20688.07,15,257.367105
-20708.1,10,263.206393
-20884.71,15,271.669407
-20962.56,17,281.195312
-20811.79,10,287.035131
-20588.91,12,293.933406
-20853.68,9,300.295878
-20135.02,2,301.924249
-20000,1,303.024198
-20256.37,3,305.177355
-20127.66,2,306.805296
-20000,1,307.906538
-20000,1,309.007688
-20399.26,4,311.687343
-20000,1,312.786695
-20132.15,2,314.413679
-20136.65,2,316.038637
-20245.36,3,318.19192
-20000,1,319.295491
-20000,1,320.397909
-20000,1,321.499599
-20271.04,3,323.652667
-20000,1,324.752453
-20494.2,5,327.958427
-20269.64,3,330.11544
-20391.24,4,332.796685
-20131.52,2,334.427977
-20248.84,3,336.582645
-20368.74,4,339.260436
-20000,1,340.362648
-20136.81,2,341.98914
-20266.36,3,344.151449
-20253.4,3,346.306697
-20000,1,347.411797
-20000,1,348.514885
-20000,1,349.617181
-20000,1,350.718695
-20365.93,4,353.400016
-20000,1,354.50323
-20378.01,4,357.184594
-20361.79,4,359.865194
-20276.5,3,362.032411
-20000,1,363.136116
-20000,1,364.24066
-20000,1,365.342278
-20000,1,366.443163
-20263.37,3,368.596725
-20263.07,3,370.750972
-20376.09,4,374.307291
-20222.77,3,376.461039
-20000,1,377.5637
-20000,1,378.664345
-20233.93,3,380.820862
-20270.74,3,382.977113
-20000,1,384.080422
-20259.32,3,386.23731
-20000,1,387.343194
-20000,1,388.447839
-20000,1,389.552379
-20000,1,390.657541
-20000,1,391.760025
-20000,1,392.863192
-20000,1,393.964604
-20133.19,2,395.594054
-20000,1,396.697766
-20484.31,5,399.91034
-20000,1,401.013551
-20265.19,3,403.171648
-20136.59,2,404.803252
-20000,1,405.908788
-20128.8,2,407.540015
-20268.34,3,409.698332
-20000,1,410.803081
-20000,1,411.858127
-20000,1,412.921179
-20000,1,414.025084
-20000,1,415.129634
-20133.79,2,416.761406
-20128.37,2,418.394148
-20256.93,3,420.550943
-20126.75,2,422.179644
-20000,1,423.28516
-20000,1,424.389947
-20130.37,2,426.020538
-20000,1,427.123294
-20000,1,428.228834
-20000,1,429.332814
-20000,1,430.438062
-20000,1,431.543461
-20000,1,432.649235
-20241.9,3,434.809351
-20000,1,435.914962
-20358.94,4,438.59567
-20000,1,439.699793
-20373.1,4,442.384312
-20260.61,3,444.539108
-20000,1,445.644851
-20253.39,3,447.803182
-20132.17,2,449.43388
-20000,1,450.540659
-20000,1,451.645035
-20131.14,2,453.278361
-20000,1,454.382697
-20129.83,2,456.015655
-20000,1,457.119646
-20129.1,2,458.750094
-20000,1,459.853032
-20133.87,2,462.225788
-20000,1,463.331407
-20000,1,464.435534
-20250.1,3,466.598284
-20000,1,467.704895
-20262.47,3,469.86395
-20232.8,3,472.023008
-20126.19,2,473.660969
-20129.52,2,475.295499
-20000,1,476.397375
-20000,1,477.503281
-20250.17,3,479.659637
-20127.91,2,481.291651
-20000,1,482.39488
-20251.27,3,484.550171
-20258.65,3,486.710576
-20000,1,487.816848
-20000,1,488.921555
-20000,1,490.028729
-20127.34,2,491.662408
-20232.21,3,493.821809
-20000,1,494.929158
-20000,1,496.03505
-20257.18,3,498.206876
-20257.42,3,500.365189
-20000,1,501.470811
-20248.28,3,503.630639
-20000,1,504.738914
-20257.89,3,506.900477
-20000,1,508.007152
-20000,1,509.111567
-20130.08,2,510.74503
-20000,1,511.853011
-20000,1,512.959585
-20229.57,3,515.115748
-20000,1,516.223139
-20340.85,4,518.912542
-20129.27,2,520.545666
-20128.57,2,522.181602
-20133.99,2,523.815922
-20000,1,524.924616
-20260.96,3,527.085449
-20000,1,528.191685
-20128.0,2,529.824992
-20000,1,530.933075
-20000,1,532.03948
-20228.85,3,534.199793
-20244.32,3,536.360338
-20000,1,537.469521
-20122.72,2,539.103456
-20000,1,540.212557
-20000,1,541.321381
-20130.66,2,542.956354
-20000,1,544.062616
-20000,1,545.170683
-20131.44,2,547.928122
-20129.24,2,549.565028
-20000,1,550.67333
-20000,1,551.781715
-20230.96,3,553.946015
-20251.35,3,556.107857
-20000,1,557.213493
-20000,1,558.320692
-20331.12,4,561.007664
-20000,1,562.116812
-20000,1,563.224602
-20358.67,4,565.914369
-20000,1,567.021517
-20000,1,568.129792
-20131.14,2,569.766542
-20132.2,2,571.396952
-20000,1,572.507041
-20000,1,573.615147
-20136.7,2,575.247229
-20000,1,576.357012
-20133.92,2,577.991167
-20000,1,579.09967
-20000,1,580.208845
-20000,1,581.316614
-20000,1,582.427453
-20352.65,4,585.114661
-20134.61,2,586.750635
-20000,1,587.860986
-20000,1,588.967465
-20000,1,590.076585
-20126.5,2,591.712851
-20361.63,4,594.397132
-20000,1,595.505994
-20000,1,596.612318
-20240.29,3,598.771683
-20354.31,4,601.457607
-20124.97,2,603.103194
-20127.04,2,604.737504
-20000,1,605.847562
-20131.94,2,607.482757
-20260.06,3,609.645568
-20000,1,610.757691
-20000,1,611.865896
-20255.89,3,614.027617
-20000,1,615.135977
-20000,1,616.245301
-20000,1,617.353758
-20126.67,2,618.99025
-20000,1,620.099252
-20000,1,621.209164
-20128.36,2,622.84569
-20000,1,623.956183
-20000,1,625.066249
-20000,1,626.172118
-20374.79,4,628.860548
-20000,1,629.970279
-20000,1,631.078081
-20126.61,2,632.712924
-20256.21,3,635.682316
-20000,1,636.791578
-20129.4,2,638.427744
-20129.22,2,640.063885
-20000,1,641.174634
-20123.6,2,642.810646
-20000,1,643.921808
-20000,1,645.030206
-20132.79,2,646.666357
-20127.39,2,648.300987
-20132.92,2,649.936649
-20000,1,651.046615
-20000,1,652.158283
-20000,1,653.268228
-20000,1,654.377505
-20000,1,655.485747
-20128.97,2,657.123096
-20128.82,2,658.761208
-20000,1,659.86717
-20125.45,2,661.504269
-20233.85,3,663.665331
-20240.85,3,665.82686
-20000,1,666.936677
-20000,1,668.043895
-20000,1,669.1571
-20000,1,670.268644
-20261.42,3,672.429375
-20000,1,673.539288
-20257.71,3,675.701885
-20000,1,676.811935
-20000,1,677.924201
-20000,1,679.034754
-20000,1,680.140938
-20131.13,2,681.777788
-20000,1,682.886873
-20128.19,2,684.523718
-20000,1,685.633319
-20000,1,686.742216
-20117.02,2,688.376508
-20000,1,689.486073
-20463.96,5,692.697191
-20000,1,693.806426
-20000,1,694.91508
-20000,1,696.027461
-20000,1,697.136724
-20000,1,698.243714
-20000,1,699.350246
-20000,1,700.460142
-20131.42,2,702.09421
-20000,1,703.202783
-20127.3,2,704.836207
-20000,1,705.950455
-20000,1,707.062321
-20367.33,4,709.752322
-20000,1,710.861599
-20000,1,711.967344
-20255.03,3,714.128934
-20126.79,2,715.769694
-20124.93,2,717.405032
-20000,1,718.5139
-20000,1,719.627923
-20000,1,720.737069
-20131.96,2,722.37366
-20000,1,723.485889
-20000,1,725.275342
-20131.27,2,726.890145
-20136.99,2,728.524258
-20000,1,729.635834
-20257.96,3,731.800914
-20125.65,2,733.440177
-20404.15,4,736.131633
-20000,1,737.246547
-20139.37,2,738.887204
-20000,1,740.000345
-20260.28,3,742.167085
-20000,1,743.277279
-20136.98,2,744.91431
-20141.56,2,746.550886
-20124.48,2,748.186178
-20117.83,2,749.821362
-20134.37,2,751.462279
-20137.38,2,753.095099
-20000,1,754.207494
-20000,1,755.314951
-20258.0,3,757.480111
-20000,1,758.587763
-20000,1,759.695642
-20118.42,2,761.334306
-20143.28,2,762.973162
-20230.16,3,765.136219
-20000,1,766.245858
-20113.68,2,767.881988
-20000,1,768.992992
-20345.81,4,771.683844
-20000,1,772.79252
-20132.2,2,774.427444
-20000,1,775.542913
-20000,1,776.653332
-20000,1,777.762044
-20115.31,2,779.399826
-20000,1,780.513302
-20142.49,2,782.150687
-20123.72,2,783.788589
-20000,1,784.904125
-20000,1,786.016176
-20106.15,2,787.656397
-20135.41,2,789.294596
-20353.05,4,791.985993
-20000,1,793.097685
-20244.97,3,795.264338
-20253.27,3,797.431897
-20000,1,798.542355
-20000,1,799.658429
-20132.18,2,801.298811
-20000,1,802.410565
-20115.41,2,804.050141
-20000,1,805.164501
-20124.91,2,806.805253
-20120.36,2,808.444042
-20138.12,2,810.792858
-20935.61,11,817.164092
-21073.08,12,824.070855
-20702.36,8,828.871072
-21281.7,18,838.931261
-21000.81,11,845.308541
-20745.88,11,851.677776
-20607.91,8,856.477128
-20850.11,14,864.429156
-20927.06,12,872.219346
-20506.17,8,877.012778
-20706.4,10,882.863465
-20671.48,12,889.76989
-20893.37,10,895.621073
-20672.64,12,902.526047
-21042.59,12,909.428159
-20746.72,11,915.803876
-21179.52,14,923.759474
-20609.41,8,929.242546
-20544.15,7,933.508392
-20544.75,7,937.77884
-21079.64,13,945.209237
-20451.17,8,950.007353
-20812.12,10,955.857142
-20745.49,8,960.651692
-20753.83,8,965.449196
-20607.77,8,970.24376
-20981.23,11,976.620607
-20708.96,10,982.475477
-20542.78,6,986.218668
-20850.82,10,992.944972
-20758.37,11,999.319945
-20808.66,9,1004.642783
-20787.45,9,1009.96814
-20885.42,10,1015.76884
-20816.0,13,1023.203884
-21188.26,16,1032.216609
-21108.95,14,1040.168148
-21153.51,16,1050.265699
-20882.58,10,1056.115226
-20572.92,10,1061.961151
-20897.93,16,1070.968413
-20697.7,10,1076.824611
-20799.33,9,1082.146225
-21048.87,12,1089.028728
-20809.51,13,1096.460541
-20566.15,11,1102.83836
-20461.94,8,1108.580881
-20472.3,6,1112.326217
-20798.9,16,1121.341683
-21039.55,13,1128.782073
-20842.95,9,1134.105772
-20676.77,16,1143.114254
-20579.67,13,1150.546456
-21033.99,12,1157.457415
-20940.37,11,1164.643422
-20622.87,13,1172.074202
-20755.34,11,1178.451056
-20706.3,14,1186.407511
-20728.57,8,1191.208052
-20864.04,10,1197.06695
-20550.03,7,1201.343899
-20674.03,14,1209.306839
-20752.02,8,1214.104748
-21001.97,12,1221.014193
-20830.42,9,1227.162306
-20864.77,10,1233.012952
-21185.67,16,1241.89862
-20813.77,10,1247.754618
-20741.86,12,1254.665225
-20789.11,9,1259.988975
-20914.1,11,1266.367676
-20958.7,11,1272.750264
-20744.4,11,1279.126112
-20654.16,9,1285.360788
-20697.64,8,1290.156399
-20549.18,12,1297.05981
-20655.03,9,1302.384171
-20759.49,11,1308.767396
-21051.77,15,1317.255238
-20495.99,10,1323.112446
-20801.43,9,1328.426285
-20863.57,15,1336.917518
-20858.6,11,1344.197163
-20910.51,10,1350.056115
-20827.72,13,1357.491615
-20542.63,7,1361.767259
-20512.96,10,1367.606657
-20889.7,10,1373.460842
-20624.6,7,1377.741646
-20845.48,10,1383.598625
-20938.48,11,1389.986655
-20878.31,11,1396.36879
-20688.85,11,1403.469496
-20995.7,12,1410.371058
-21167.82,14,1418.330983
-20865.85,10,1424.189681
-21159.9,15,1432.685525
-21105.04,14,1440.650656
-21059.54,14,1448.619885
-21043.31,14,1456.584156
-20719.55,8,1462.387283
-20642.77,15,1470.873605
-20896.23,16,1479.89061
-20704.81,8,1484.697745
-20928.22,11,1491.088146
-20660.7,9,1496.417821
-20968.92,11,1502.804023
-20911.95,10,1508.661343
-20574.04,11,1515.043968
-20353.07,4,1518.725397
-20490.23,9,1524.057258
-20760.7,9,1529.389648
-21051.05,12,1536.301316
-20739.44,8,1541.105588
-20750.88,8,1545.910675
-20653.03,9,1551.235759
-21212.65,16,1560.250118
-20666.71,10,1566.114543
-21103.06,15,1574.607588
-20939.76,18,1585.689197
-20547.6,6,1589.440384
-20398.15,5,1592.669189
-20766.2,11,1599.046791
-20620.68,7,1603.322384
-21058.52,14,1611.252536
-21012.09,12,1618.117876
-20957.26,12,1625.031102
-20450.42,5,1628.258275
-20220.46,3,1630.432214
-20749.16,11,1637.818382
-21094.72,13,1645.255554
-20626.45,12,1652.171393
-20638.96,14,1660.130393
-21229.15,16,1669.145121
-20594.32,12,1676.058301
-21020.02,13,1683.498938
-20548.58,7,1687.773194
-20654.42,9,1693.103554
-21116.52,13,1701.475753
-21115.11,13,1708.909782
-20646.4,17,1718.45124
-20718.71,8,1723.25665
-20668.82,9,1728.587236
-20973.73,11,1734.972677
-20721.48,10,1740.831992
-20436.08,5,1744.05777
-20663.33,11,1750.438427
-21315.52,19,1761.951792
-20610.05,14,1769.913919
-20602.53,8,1774.719533
-20767.6,12,1781.625524
-20681.6,10,1787.482205
-20622.61,15,1795.968632
-20851.42,10,1801.829719
-20988.18,13,1809.262841
-20620.78,11,1816.62426
-20747.45,11,1823.004623
-20863.09,10,1828.85642
-20800.68,9,1834.189431
-20841.04,13,1841.630386
-20967.21,13,1849.069018
-21128.44,14,1857.030901
-21026.2,12,1863.945008
-20742.07,8,1868.746563
-20897.22,15,1878.11177
-20858.61,14,1886.077018
-20705.51,8,1890.881849
-20549.77,6,1894.641142
-20884.12,10,1900.49805
-20688.21,11,1906.877892
-20898.77,10,1912.736262
-20520.24,9,1918.068712
-21134.27,13,1925.508553
-21253.81,17,1935.960847
-20874.79,10,1941.823076
-20610.51,8,1946.634981
-20655.94,7,1950.913948
-21028.37,13,1958.359377
-21062.92,12,1965.274374
-20681.91,15,1973.77063
-20480.36,9,1979.109388
-20758.93,9,1984.439749
-20712.59,10,1991.193724
-20529.62,11,1997.581524
-20543.14,7,2001.856671
-21027.34,13,2009.294186
-20523.96,10,2015.152008
-20542.24,7,2019.434142
-21052.28,14,2027.402239
-20633.72,7,2031.68181
-20859.26,10,2037.545883
-21082.45,13,2044.992327
-21053.37,13,2053.500181
-20867.59,11,2059.888549
-20474.17,6,2063.643649
-21003.46,13,2071.085412
-21026.04,12,2077.991975
-21011.14,12,2084.915607
-20929.85,12,2091.838172
-20818.49,13,2099.282213
-20788.56,12,2106.179065
-20543.19,7,2111.363796
-21064.36,12,2118.276851
-20732.71,14,2126.24244
-20563.14,6,2129.997935
-20597.1,11,2136.38623
-20761.91,14,2144.356759
-20815.89,10,2150.216315
-20445.16,5,2153.443219
-20811.35,13,2160.881837
-20535.27,9,2167.08841
-21019.2,12,2174.004718
-20542.36,7,2178.286711
-20865.75,10,2184.146686
-20681.12,11,2190.538483
-20746.57,11,2196.922061
-20818.22,9,2202.255454
-20726.07,8,2207.059254
-20809.17,9,2212.320765
-21019.12,14,2220.283052
-20758.6,11,2227.683041
-20891.58,10,2233.543698
-20623.71,7,2237.830827
-20997.04,12,2244.747975
-20713.07,10,2250.61231
-20605.52,8,2255.421718
-20816.94,13,2262.870357
-20673.23,10,2268.735519
-20532.53,10,2274.602687
-21113.76,14,2282.57709
-20543.84,7,2287.707877
-20829.03,9,2293.047946
-20476.65,6,2296.804729
-20578.68,10,2302.663715
-21154.37,14,2310.636325
-20620.96,7,2314.928467
-21042.41,12,2321.843333
-20912.54,10,2327.697533
-20707.03,10,2333.562809
-20658.12,14,2341.537657
-20876.38,11,2348.810439
-20833.39,9,2354.148938
-21146.3,17,2363.687753
-20620.2,10,2369.549768
-20614.21,11,2375.935718
-21081.44,13,2383.378515
-20736.65,8,2388.186768
-21047.16,13,2395.631335
-20610.87,8,2400.444865
-20590.14,8,2406.214861
-21041.88,14,2414.183203
-20662.02,9,2419.509096
-20781.37,9,2424.847704
-20611.14,8,2429.668222
-20365.86,6,2433.428343
-21120.53,16,2442.457177
-20542.0,7,2446.742989
-21184.24,15,2455.206369
-20810.89,12,2462.031507
-20718.17,10,2468.895655
-20624.39,10,2474.757676
-20826.51,10,2480.620185
-20883.62,10,2486.494219
-20613.61,11,2492.890715
-20769.29,15,2501.38478
-21134.34,14,2509.353353
-20981.8,12,2516.264181
-20503.07,10,2523.04525
-20804.1,9,2528.386769
-20799.29,10,2534.254321
-20604.58,8,2539.06753
-21044.25,12,2545.986115
-20719.54,8,2550.795802
-20813.96,13,2558.238454
-20872.92,10,2564.104948
-21029.16,12,2571.020413
-21070.41,16,2580.045156
-20572.24,8,2585.71922
-20563.44,11,2592.110581
-21037.89,13,2599.55733
-20546.92,7,2603.837936
-20908.72,10,2609.699454
-20782.82,12,2616.615872
-20557.48,6,2620.380367
-21254.22,16,2629.407307
-21125.93,14,2637.383296
-20653.74,9,2643.659304
-20929.15,12,2650.581017
-20664.11,15,2659.072212
-20743.27,11,2665.46386
-20795.05,12,2672.386785
-20648.43,10,2678.250224
-20706.07,10,2684.120479
-20753.37,11,2690.51437
-21021.65,13,2697.978311
-20760.24,13,2706.334968
-20551.78,6,2710.097757
-21069.26,13,2717.544025
-20844.28,13,2724.991583
-20665.56,17,2734.542566
-21041.6,12,2741.461435
-21067.16,13,2748.906852
-20788.92,9,2754.242111
-20876.78,10,2760.99869
-21008.81,11,2767.390953
-20348.96,4,2770.101865
-21062.18,14,2778.067524
-21084.07,14,2786.105258
-20808.02,9,2791.444932
-20693.32,12,2798.366744
-20589.16,11,2804.756731
-20927.87,11,2811.115986
-20628.75,11,2818.393876
-20660.28,9,2823.733314
-20835.14,9,2829.072884
-20753.78,8,2833.888069
-20850.87,10,2839.75738
-21095.94,13,2847.202293
-21117.21,13,2854.645144
-20799.19,9,2859.98329
-20633.75,11,2866.378726
-20610.05,8,2871.194596
-20727.74,8,2876.896361
-20842.08,9,2882.248245
-21022.77,13,2889.698006
-21036.13,14,2897.672816
-20760.25,11,2904.067576
-20401.97,5,2907.303742
-20549.14,7,2911.590321
-20711.93,10,2917.459849
-20877.68,10,2923.327929
-20704.17,10,2929.209348
-21075.47,14,2938.079814
-20985.96,12,2945.002357
-20791.09,12,2951.92742
-20862.52,10,2957.79766
-20873.37,11,2964.194075
-20606.31,8,2969.007895
-20722.99,8,2973.825578
-20838.2,9,2979.162915
-21008.33,13,2986.612522
-20971.43,11,2993.010092
-20756.64,8,2998.755647
-20728.46,8,3003.570341
-20533.88,11,3009.96892
-21015.18,12,3016.881702
-20854.08,11,3023.273658
-20653.5,7,3027.561897
-21087.48,13,3035.002978
-20908.23,10,3040.87068
-20665.39,13,3048.320487
-20775.62,12,3056.132722
-20472.35,6,3059.893985
-20993.12,13,3067.336571
-20759.23,11,3073.733947
-20512.08,7,3078.020507
-20614.22,10,3083.886357
-20398.14,5,3087.123133
-20716.29,10,3093.000588
-20779.06,9,3098.340515
-20831.13,9,3103.689271
-20917.0,10,3109.557186
-20569.24,6,3113.315692
-20560.31,6,3118.662117
-20759.52,12,3125.58942
-21108.15,13,3133.034387
-20564.08,11,3139.436027
-20591.81,10,3145.305681
-20923.14,11,3151.700778
-20750.87,13,3159.143742
-20537.69,6,3162.907206
-20800.07,9,3168.250363
-20636.11,7,3172.537223
-20918.78,10,3179.415678
-20659.82,10,3185.282543
-20606.58,11,3191.681072
-20645.23,7,3195.97083
-20660.95,9,3201.314082
-20829.81,9,3206.651072
-20726.83,8,3211.465261
-21154.18,15,3219.969931
-21049.4,13,3227.421165
-20641.54,12,3235.20239
-20873.03,10,3241.070179
-20978.71,11,3247.46586
-20976.43,11,3253.859698
-21147.74,14,3261.839644
-20549.2,7,3266.133698
-20541.92,10,3272.005507
-21143.36,15,3280.511586
-20906.98,10,3286.383848
-20904.22,10,3292.253888
-21079.72,12,3300.132496
-20788.22,12,3307.060295
-20665.31,9,3312.404422
-20549.94,7,3316.693511
-21064.84,12,3323.622931
-20840.49,10,3329.497059
-20705.1,10,3335.368149
-20597.44,11,3341.768054
-20879.64,15,3350.271389
-21066.36,14,3359.122602
-21130.97,15,3367.624553
-20981.1,11,3374.021758
-20920.41,11,3380.422978
-20759.03,11,3386.819912
-20644.72,7,3391.111851
-20740.46,11,3397.507716
-20503.67,7,3401.801506
-20539.66,7,3406.094993
-20681.54,11,3413.310635
-20646.73,7,3417.599639
-20579.16,11,3423.997426
-20679.24,12,3430.92296
-20652.69,15,3439.432059
-20760.44,8,3444.247391
-20700.81,8,3449.067506
-20610.24,11,3455.462167
-21112.69,14,3463.473711
-20809.09,13,3471.816571
-20777.71,12,3478.74173
-20631.29,12,3485.667765
-20740.85,8,3490.490433
-21008.9,12,3497.412928
-21072.41,12,3504.336457
-20525.6,10,3510.269257
-20905.54,16,3519.30034
-20703.81,10,3525.172698
-20567.87,6,3528.93457
-20840.46,9,3535.202029
-20830.92,13,3542.647574
-20738.65,8,3547.467705
-20546.47,7,3551.754897
-21256.91,16,3560.784783
-21149.04,14,3568.763902
-20654.4,15,3577.271107
-20404.92,5,3580.508031
-20924.43,11,3586.908087
-20629.41,15,3596.338718
-20672.7,13,3603.792497
-20602.81,8,3608.610274
-20961.68,11,3615.006765
-21104.44,13,3622.461407
-20661.37,9,3627.805064
-21101.75,13,3635.264314
-20718.89,10,3641.14162
-20702.54,10,3647.018051
-20981.42,11,3654.289935
-21215.24,16,3663.254524
-20778.32,12,3670.181613
-20887.61,11,3676.590452
-20736.92,8,3681.410115
-20982.69,11,3687.81405
-20691.77,13,3695.26571
-20969.48,11,3701.666413
-21071.15,13,3709.974656
-20751.06,8,3714.795107
-20808.7,9,3720.143652
-20700.5,10,3726.02179
-20751.48,11,3732.427357
-20932.56,11,3738.833235
-20869.91,10,3744.706465
-20658.06,9,3750.055055
-20886.39,10,3755.927063
-20723.39,15,3764.445802
-21145.47,14,3773.328304
-20531.55,6,3777.100815
-20475.43,6,3780.865229
-20739.57,11,3787.27091
-21020.25,12,3794.201624
-20625.44,7,3798.499933
-20970.05,11,3804.905426
-20658.14,9,3810.249725
-20957.25,12,3817.182191
-20661.08,9,3822.529258
-21048.37,12,3830.458941
-20712.82,8,3835.281623
-20604.71,8,3840.106156
-20924.46,11,3846.511378
-20547.53,7,3850.80857
-20837.14,9,3856.159257
-21055.35,14,3864.140137
-20704.48,10,3870.013397
-20719.46,12,3876.943317
-21129.04,14,3884.921263
-21036.46,13,3893.249048
-20838.12,10,3899.124033
-20708.13,10,3904.997009
-21026.1,12,3911.922558
-20926.29,11,3918.326537
-20315.05,4,3921.044046
-20787.25,12,3927.976724
-21046.15,12,3934.909682
-20512.66,8,3939.736861
-20401.22,5,3942.981564
-20558.7,9,3949.25827
-20544.22,7,3953.555227
-20314.29,4,3956.275243
-20311.23,4,3958.997692
-20574.85,14,3966.978489
-20960.06,12,3973.904449
-20608.9,8,3978.725164
-21082.63,15,3987.233621
-20798.88,9,3992.579252
-20799.04,9,3997.925839
-20688.72,13,4006.34277
-20692.65,11,4012.667285
-20552.23,7,4016.961861
-20648.4,7,4021.261296
-21231.5,16,4030.280515
-20616.16,8,4035.104725
-21050.36,14,4043.090423
-20378.38,5,4046.333412
-20752.06,11,4052.740764
-20596.43,10,4058.623065
-20589.4,12,4066.586307
-20940.65,11,4072.992508
-20537.0,10,4078.863821
-20928.22,11,4085.262141
-20396.21,5,4088.509221
-20704.41,11,4094.908705
-20927.25,11,4101.317638
-20825.9,9,4106.663044
-20617.42,11,4113.064829
-20980.25,13,4120.521131
-20910.04,12,4128.372368
-21088.85,13,4135.829778
-21082.07,13,4143.285904
-20597.18,13,4150.736697
-20828.72,9,4156.08764
-20648.89,7,4160.383657
-20776.68,9,4165.733263
-20652.61,7,4170.030452
-20610.22,8,4174.85738
-20593.13,10,4180.731278
-20537.41,6,4185.482197
-20751.7,8,4190.299676
-20861.65,11,4196.69852
-21018.27,13,4204.158919
-20658.76,9,4209.506432
-20715.81,10,4215.382032
-20635.32,15,4223.887601
-20528.04,10,4229.760737
-20576.74,10,4235.637348
-20651.07,7,4239.931941
-20567.45,6,4243.698043
-20930.17,12,4251.515652
-20914.95,10,4257.393828
-20656.05,7,4261.684865
-20602.9,8,4266.508565
-20604.9,8,4271.331427
-20784.59,9,4276.677052
-20659.1,9,4282.024972
-20477.72,6,4285.789711
-20549.91,12,4292.720187
-20754.08,8,4297.542562
-20804.93,17,4308.013749
-21135.92,15,4316.516499
-20806.0,15,4325.028987
-20829.48,9,4330.374252
-20746.0,8,4335.191568
-20635.93,7,4339.486366
-21058.71,14,4347.463497
-20628.04,7,4351.76052
-20602.08,8,4356.585248
-20665.42,9,4361.936811
-20747.67,11,4369.236191
-20474.69,6,4373.002575
-20311.82,4,4375.720305
-21094.0,14,4383.692554
-20745.94,11,4390.101537
-20757.57,11,4396.497883
-20906.29,11,4402.902974
-20748.08,8,4407.723418
-20887.41,10,4413.599832
-21126.06,14,4421.579241
-20660.69,9,4427.866448
-20748.91,13,4435.319927
-21181.51,15,4443.829669
-20961.78,11,4450.226227
-20812.95,9,4455.583377
-21014.84,12,4462.510472
-20747.16,8,4467.337911
-20622.2,13,4474.792972
-20606.46,8,4479.620567
-20547.17,7,4484.797736
-20641.19,14,4492.787766
-20988.6,11,4499.188154
-20705.81,8,4504.007382
-20474.9,6,4507.776334
-21020.47,12,4514.702573
-20478.81,6,4518.463575
-20876.51,10,4524.338417
-21230.31,15,4532.847888
-21040.26,14,4540.832936
-20590.71,10,4547.644932
-20994.7,12,4554.574136
-20670.81,15,4563.085924
-20549.68,12,4570.014601
-20509.72,7,4574.311785
-20667.01,15,4582.823761
-21202.83,15,4591.327572
-20398.31,5,4594.571522
-20445.78,5,4597.814687
-20705.59,13,4606.257776
-20500.9,10,4612.080374
-20880.79,15,4620.557748
-20892.7,10,4626.431676
-20641.2,13,4633.885784
-20569.58,13,4641.337129
-21022.03,12,4648.260693
-20664.88,9,4653.613468
-20653.53,14,4662.49601
-20738.25,13,4669.948539
-20667.71,12,4676.886738
-20479.56,6,4680.660371
-20694.99,12,4687.590987
-20962.38,11,4693.991684
-21199.46,16,4703.025355
-20900.75,11,4709.431337
-21109.92,14,4717.417407
-20748.89,11,4724.804696
-20911.44,10,4730.683508
-20547.96,7,4734.982768
-20613.34,8,4739.80599
-20914.33,10,4745.681318
-21138.63,17,4755.254505
-20476.59,6,4759.021231
-21095.11,14,4767.005574
-20858.91,14,4774.988436
-20731.29,8,4780.829545
-20664.69,7,4785.13242
-20792.69,9,4790.485015
-20400.28,5,4793.732574
-20867.59,10,4799.61407
-20843.8,14,4807.599789
-20656.18,9,4812.956397
-21168.92,17,4822.51632
-20597.1,10,4828.383999
-20621.25,11,4834.788131
-20670.89,20,4846.901454
-20819.68,9,4852.256369
-21055.52,12,4859.183578
-20663.32,9,4864.536922
-21079.48,13,4871.99338
-20949.31,11,4878.394726
-20701.17,10,4884.273397
-20840.63,19,4894.891323
-20821.33,9,4901.119653
-21087.53,13,4908.582555
-20990.94,12,4915.508432
-20655.51,10,4921.38941
-20732.77,12,4928.325042
-20789.67,16,4937.359339
-20833.06,9,4942.709441
-20451.35,8,4947.533277
-20476.69,6,4951.307224
-20644.32,14,4960.168763
-21063.61,13,4967.621837
-20782.96,12,4974.552345
-20764.68,18,4984.645783
-20932.07,10,4990.527973
-20642.56,7,4994.827327
-20600.79,9,5000.183133
-20669.48,13,5007.640184
-20991.94,14,5016.518894
-20988.24,11,5022.930166
-20546.41,7,5027.233823
-21038.19,12,5034.165856
-20514.14,8,5038.991286
-20884.79,11,5045.406547
-20724.84,8,5050.234201
-20724.79,8,5055.053964
-20694.24,12,5061.982787
-20555.93,7,5066.285578
-21017.52,12,5073.223369
-20745.1,8,5078.918201
-20606.52,8,5083.742023
-20350.77,4,5086.463584
-21017.28,12,5093.396181
-20821.35,13,5100.854272
-20874.85,10,5106.737389
-20540.09,6,5110.505568
-21088.49,14,5118.489718
-21037.6,12,5125.420826
-20988.74,11,5131.819153
-20454.25,5,5135.953577
-20662.69,17,5145.513804
-20549.9,7,5149.814757
-20828.5,9,5155.170398
-20906.49,10,5161.04771
-20667.72,10,5166.920215
-20568.65,12,5173.844501
-20750.75,11,5180.251416
-20716.09,10,5186.130766
-20808.2,13,5194.471039
-20813.55,18,5204.559853
